[{"model": "library.libraryitemauthor", "pk": 1, "fields": {"sort_order": 0, "library_item": 20, "author": 6}}, {"model": "library.libraryitemtopic", "pk": 1, "fields": {"sort_order": 0, "library_item": 20, "topic": 14}}, {"model": "magazine.magazinearticletag", "pk": 1, "fields": {"tag": 1, "content_object": 41}}, {"model": "magazine.magazinearticletag", "pk": 2, "fields": {"tag": 2, "content_object": 41}}, {"model": "magazine.magazinearticletag", "pk": 3, "fields": {"tag": 3, "content_object": 41}}, {"model": "magazine.magazinearticleauthor", "pk": 1, "fields": {"sort_order": 0, "article": 41, "author": 25}}, {"model": "wagtailimages.rendition", "pk": 1, "fields": {"filter_spec": "max-165x165", "file": "images/Cover-80_MayJune2019_small.max-165x165.jpg", "width": 125, "height": 165, "focal_point_key": "", "image": 1}}, {"model": "wagtailimages.rendition", "pk": 2, "fields": {"filter_spec": "max-320x200", "file": "images/Cover-80_MayJune2019_small.max-320x200.jpg", "width": 152, "height": 200, "focal_point_key": "", "image": 1}}, {"model": "wagtailimages.rendition", "pk": 3, "fields": {"filter_spec": "max-286x300", "file": "images/Cover-80_MayJune2019_small.max-286x300.jpg", "width": 228, "height": 300, "focal_point_key": "", "image": 1}}, {"model": "wagtailcore.site", "pk": 2, "fields": {"hostname": "localhost", "port": 80, "site_name": "Western Friend", "root_page": 3, "is_default_site": true}}, {"model": "wagtailcore.collection", "pk": 1, "fields": {"path": "0001", "depth": 1, "numchild": 0, "name": "Root"}}, {"model": "taggit.tag", "pk": 1, "fields": {"name": "Continuing revelation", "slug": "continuing-revelation"}}, {"model": "taggit.tag", "pk": 2, "fields": {"name": "Elias Hicks", "slug": "elias-hicks"}}, {"model": "taggit.tag", "pk": 3, "fields": {"name": "divisions", "slug": "divisions"}}, {"model": "contenttypes.contenttype", "pk": 1, "fields": {"app_label": "wagtailcore", "model": "page"}}, {"model": "contenttypes.contenttype", "pk": 2, "fields": {"app_label": "wagtailimages", "model": "image"}}, {"model": "contenttypes.contenttype", "pk": 3, "fields": {"app_label": "wagtailadmin", "model": "admin"}}, {"model": "contenttypes.contenttype", "pk": 4, "fields": {"app_label": "wagtaildocs", "model": "document"}}, {"model": "contenttypes.contenttype", "pk": 5, "fields": {"app_label": "community", "model": "communitypage"}}, {"model": "contenttypes.contenttype", "pk": 6, "fields": {"app_label": "community", "model": "onlineworship"}}, {"model": "contenttypes.contenttype", "pk": 7, "fields": {"app_label": "community", "model": "onlineworshipindexpage"}}, {"model": "contenttypes.contenttype", "pk": 8, "fields": {"app_label": "community", "model": "communitydirectory"}}, {"model": "contenttypes.contenttype", "pk": 9, "fields": {"app_label": "community", "model": "communitydirectoryindexpage"}}, {"model": "contenttypes.contenttype", "pk": 10, "fields": {"app_label": "contact", "model": "meeting"}}, {"model": "contenttypes.contenttype", "pk": 11, "fields": {"app_label": "contact", "model": "organization"}}, {"model": "contenttypes.contenttype", "pk": 12, "fields": {"app_label": "contact", "model": "person"}}, {"model": "contenttypes.contenttype", "pk": 13, "fields": {"app_label": "contact", "model": "organizationindexpage"}}, {"model": "contenttypes.contenttype", "pk": 14, "fields": {"app_label": "contact", "model": "meetingindexpage"}}, {"model": "contenttypes.contenttype", "pk": 15, "fields": {"app_label": "contact", "model": "personindexpage"}}, {"model": "contenttypes.contenttype", "pk": 16, "fields": {"app_label": "events", "model": "event"}}, {"model": "contenttypes.contenttype", "pk": 17, "fields": {"app_label": "events", "model": "eventsindexpage"}}, {"model": "contenttypes.contenttype", "pk": 18, "fields": {"app_label": "home", "model": "homepage"}}, {"model": "contenttypes.contenttype", "pk": 19, "fields": {"app_label": "home", "model": "homepagefeaturedarticle"}}, {"model": "contenttypes.contenttype", "pk": 20, "fields": {"app_label": "library", "model": "libraryindexpage"}}, {"model": "contenttypes.contenttype", "pk": 21, "fields": {"app_label": "library", "model": "libraryitem"}}, {"model": "contenttypes.contenttype", "pk": 22, "fields": {"app_label": "library", "model": "libraryitemauthor"}}, {"model": "contenttypes.contenttype", "pk": 23, "fields": {"app_label": "magazine", "model": "magazinearticle"}}, {"model": "contenttypes.contenttype", "pk": 24, "fields": {"app_label": "magazine", "model": "magazinearticletag"}}, {"model": "contenttypes.contenttype", "pk": 25, "fields": {"app_label": "magazine", "model": "magazinedepartment"}}, {"model": "contenttypes.contenttype", "pk": 26, "fields": {"app_label": "magazine", "model": "magazinedepartmentindexpage"}}, {"model": "contenttypes.contenttype", "pk": 27, "fields": {"app_label": "magazine", "model": "magazineindexpage"}}, {"model": "contenttypes.contenttype", "pk": 28, "fields": {"app_label": "magazine", "model": "magazineissue"}}, {"model": "contenttypes.contenttype", "pk": 29, "fields": {"app_label": "magazine", "model": "magazineissuefeaturedarticle"}}, {"model": "contenttypes.contenttype", "pk": 30, "fields": {"app_label": "magazine", "model": "magazinetagindexpage"}}, {"model": "contenttypes.contenttype", "pk": 31, "fields": {"app_label": "magazine", "model": "magazinearticleauthor"}}, {"model": "contenttypes.contenttype", "pk": 32, "fields": {"app_label": "wagtailforms", "model": "formsubmission"}}, {"model": "contenttypes.contenttype", "pk": 33, "fields": {"app_label": "wagtailredirects", "model": "redirect"}}, {"model": "contenttypes.contenttype", "pk": 34, "fields": {"app_label": "wagtailembeds", "model": "embed"}}, {"model": "contenttypes.contenttype", "pk": 35, "fields": {"app_label": "wagtailusers", "model": "userprofile"}}, {"model": "contenttypes.contenttype", "pk": 36, "fields": {"app_label": "wagtailimages", "model": "rendition"}}, {"model": "contenttypes.contenttype", "pk": 37, "fields": {"app_label": "wagtailsearch", "model": "query"}}, {"model": "contenttypes.contenttype", "pk": 38, "fields": {"app_label": "wagtailsearch", "model": "querydailyhits"}}, {"model": "contenttypes.contenttype", "pk": 39, "fields": {"app_label": "wagtailcore", "model": "grouppagepermission"}}, {"model": "contenttypes.contenttype", "pk": 40, "fields": {"app_label": "wagtailcore", "model": "pagerevision"}}, {"model": "contenttypes.contenttype", "pk": 41, "fields": {"app_label": "wagtailcore", "model": "pageviewrestriction"}}, {"model": "contenttypes.contenttype", "pk": 42, "fields": {"app_label": "wagtailcore", "model": "site"}}, {"model": "contenttypes.contenttype", "pk": 43, "fields": {"app_label": "wagtailcore", "model": "collection"}}, {"model": "contenttypes.contenttype", "pk": 44, "fields": {"app_label": "wagtailcore", "model": "groupcollectionpermission"}}, {"model": "contenttypes.contenttype", "pk": 45, "fields": {"app_label": "wagtailcore", "model": "collectionviewrestriction"}}, {"model": "contenttypes.contenttype", "pk": 46, "fields": {"app_label": "taggit", "model": "tag"}}, {"model": "contenttypes.contenttype", "pk": 47, "fields": {"app_label": "taggit", "model": "taggeditem"}}, {"model": "contenttypes.contenttype", "pk": 48, "fields": {"app_label": "admin", "model": "logentry"}}, {"model": "contenttypes.contenttype", "pk": 49, "fields": {"app_label": "auth", "model": "permission"}}, {"model": "contenttypes.contenttype", "pk": 50, "fields": {"app_label": "auth", "model": "group"}}, {"model": "contenttypes.contenttype", "pk": 51, "fields": {"app_label": "auth", "model": "user"}}, {"model": "contenttypes.contenttype", "pk": 52, "fields": {"app_label": "contenttypes", "model": "contenttype"}}, {"model": "contenttypes.contenttype", "pk": 53, "fields": {"app_label": "sessions", "model": "session"}}, {"model": "contenttypes.contenttype", "pk": 54, "fields": {"app_label": "facets", "model": "audience"}}, {"model": "contenttypes.contenttype", "pk": 55, "fields": {"app_label": "facets", "model": "topicindexpage"}}, {"model": "contenttypes.contenttype", "pk": 56, "fields": {"app_label": "facets", "model": "audienceindexpage"}}, {"model": "contenttypes.contenttype", "pk": 57, "fields": {"app_label": "facets", "model": "timeperiod"}}, {"model": "contenttypes.contenttype", "pk": 58, "fields": {"app_label": "facets", "model": "timeperiodindexpage"}}, {"model": "contenttypes.contenttype", "pk": 59, "fields": {"app_label": "facets", "model": "mediumindexpage"}}, {"model": "contenttypes.contenttype", "pk": 60, "fields": {"app_label": "facets", "model": "genreindexpage"}}, {"model": "contenttypes.contenttype", "pk": 61, "fields": {"app_label": "facets", "model": "facetindexpage"}}, {"model": "contenttypes.contenttype", "pk": 62, "fields": {"app_label": "facets", "model": "genre"}}, {"model": "contenttypes.contenttype", "pk": 63, "fields": {"app_label": "facets", "model": "topic"}}, {"model": "contenttypes.contenttype", "pk": 64, "fields": {"app_label": "facets", "model": "medium"}}, {"model": "contenttypes.contenttype", "pk": 65, "fields": {"app_label": "library", "model": "libraryitemtopic"}}, {"model": "sessions.session", "pk": "lo3o08sg64l214h3q9m4miltdc51ap2a", "fields": {"session_data": "ZGJhMjA3ZDI3MWY0YjU2ZTJmZjk0OWYxMzEyMTlkNDQ0YWQwZWViMDp7Il9hdXRoX3VzZXJfaWQiOiIxIiwiX2F1dGhfdXNlcl9iYWNrZW5kIjoiZGphbmdvLmNvbnRyaWIuYXV0aC5iYWNrZW5kcy5Nb2RlbEJhY2tlbmQiLCJfYXV0aF91c2VyX2hhc2giOiI3NjJhMGZlYzk3NGM1ZDFkYmNiMjg3ZDljMjRhYWU4ZTYzNzE5YTU3In0=", "expire_date": "2019-06-22T20:28:47.820Z"}}, {"model": "auth.permission", "pk": 1, "fields": {"name": "Can add image", "content_type": 2, "codename": "add_image"}}, {"model": "auth.permission", "pk": 2, "fields": {"name": "Can change image", "content_type": 2, "codename": "change_image"}}, {"model": "auth.permission", "pk": 3, "fields": {"name": "Can delete image", "content_type": 2, "codename": "delete_image"}}, {"model": "auth.permission", "pk": 4, "fields": {"name": "Can access Wagtail admin", "content_type": 3, "codename": "access_admin"}}, {"model": "auth.permission", "pk": 5, "fields": {"name": "Can add document", "content_type": 4, "codename": "add_document"}}, {"model": "auth.permission", "pk": 6, "fields": {"name": "Can change document", "content_type": 4, "codename": "change_document"}}, {"model": "auth.permission", "pk": 7, "fields": {"name": "Can delete document", "content_type": 4, "codename": "delete_document"}}, {"model": "auth.permission", "pk": 8, "fields": {"name": "Can add community page", "content_type": 5, "codename": "add_communitypage"}}, {"model": "auth.permission", "pk": 9, "fields": {"name": "Can change community page", "content_type": 5, "codename": "change_communitypage"}}, {"model": "auth.permission", "pk": 10, "fields": {"name": "Can delete community page", "content_type": 5, "codename": "delete_communitypage"}}, {"model": "auth.permission", "pk": 11, "fields": {"name": "Can view community page", "content_type": 5, "codename": "view_communitypage"}}, {"model": "auth.permission", "pk": 12, "fields": {"name": "Can add online worship", "content_type": 6, "codename": "add_onlineworship"}}, {"model": "auth.permission", "pk": 13, "fields": {"name": "Can change online worship", "content_type": 6, "codename": "change_onlineworship"}}, {"model": "auth.permission", "pk": 14, "fields": {"name": "Can delete online worship", "content_type": 6, "codename": "delete_onlineworship"}}, {"model": "auth.permission", "pk": 15, "fields": {"name": "Can view online worship", "content_type": 6, "codename": "view_onlineworship"}}, {"model": "auth.permission", "pk": 16, "fields": {"name": "Can add online worship index page", "content_type": 7, "codename": "add_onlineworshipindexpage"}}, {"model": "auth.permission", "pk": 17, "fields": {"name": "Can change online worship index page", "content_type": 7, "codename": "change_onlineworshipindexpage"}}, {"model": "auth.permission", "pk": 18, "fields": {"name": "Can delete online worship index page", "content_type": 7, "codename": "delete_onlineworshipindexpage"}}, {"model": "auth.permission", "pk": 19, "fields": {"name": "Can view online worship index page", "content_type": 7, "codename": "view_onlineworshipindexpage"}}, {"model": "auth.permission", "pk": 20, "fields": {"name": "Can add community directory", "content_type": 8, "codename": "add_communitydirectory"}}, {"model": "auth.permission", "pk": 21, "fields": {"name": "Can change community directory", "content_type": 8, "codename": "change_communitydirectory"}}, {"model": "auth.permission", "pk": 22, "fields": {"name": "Can delete community directory", "content_type": 8, "codename": "delete_communitydirectory"}}, {"model": "auth.permission", "pk": 23, "fields": {"name": "Can view community directory", "content_type": 8, "codename": "view_communitydirectory"}}, {"model": "auth.permission", "pk": 24, "fields": {"name": "Can add community directory index page", "content_type": 9, "codename": "add_communitydirectoryindexpage"}}, {"model": "auth.permission", "pk": 25, "fields": {"name": "Can change community directory index page", "content_type": 9, "codename": "change_communitydirectoryindexpage"}}, {"model": "auth.permission", "pk": 26, "fields": {"name": "Can delete community directory index page", "content_type": 9, "codename": "delete_communitydirectoryindexpage"}}, {"model": "auth.permission", "pk": 27, "fields": {"name": "Can view community directory index page", "content_type": 9, "codename": "view_communitydirectoryindexpage"}}, {"model": "auth.permission", "pk": 28, "fields": {"name": "Can add meeting", "content_type": 10, "codename": "add_meeting"}}, {"model": "auth.permission", "pk": 29, "fields": {"name": "Can change meeting", "content_type": 10, "codename": "change_meeting"}}, {"model": "auth.permission", "pk": 30, "fields": {"name": "Can delete meeting", "content_type": 10, "codename": "delete_meeting"}}, {"model": "auth.permission", "pk": 31, "fields": {"name": "Can view meeting", "content_type": 10, "codename": "view_meeting"}}, {"model": "auth.permission", "pk": 32, "fields": {"name": "Can add organization", "content_type": 11, "codename": "add_organization"}}, {"model": "auth.permission", "pk": 33, "fields": {"name": "Can change organization", "content_type": 11, "codename": "change_organization"}}, {"model": "auth.permission", "pk": 34, "fields": {"name": "Can delete organization", "content_type": 11, "codename": "delete_organization"}}, {"model": "auth.permission", "pk": 35, "fields": {"name": "Can view organization", "content_type": 11, "codename": "view_organization"}}, {"model": "auth.permission", "pk": 36, "fields": {"name": "Can add person", "content_type": 12, "codename": "add_person"}}, {"model": "auth.permission", "pk": 37, "fields": {"name": "Can change person", "content_type": 12, "codename": "change_person"}}, {"model": "auth.permission", "pk": 38, "fields": {"name": "Can delete person", "content_type": 12, "codename": "delete_person"}}, {"model": "auth.permission", "pk": 39, "fields": {"name": "Can view person", "content_type": 12, "codename": "view_person"}}, {"model": "auth.permission", "pk": 40, "fields": {"name": "Can add organization index page", "content_type": 13, "codename": "add_organizationindexpage"}}, {"model": "auth.permission", "pk": 41, "fields": {"name": "Can change organization index page", "content_type": 13, "codename": "change_organizationindexpage"}}, {"model": "auth.permission", "pk": 42, "fields": {"name": "Can delete organization index page", "content_type": 13, "codename": "delete_organizationindexpage"}}, {"model": "auth.permission", "pk": 43, "fields": {"name": "Can view organization index page", "content_type": 13, "codename": "view_organizationindexpage"}}, {"model": "auth.permission", "pk": 44, "fields": {"name": "Can add meeting index page", "content_type": 14, "codename": "add_meetingindexpage"}}, {"model": "auth.permission", "pk": 45, "fields": {"name": "Can change meeting index page", "content_type": 14, "codename": "change_meetingindexpage"}}, {"model": "auth.permission", "pk": 46, "fields": {"name": "Can delete meeting index page", "content_type": 14, "codename": "delete_meetingindexpage"}}, {"model": "auth.permission", "pk": 47, "fields": {"name": "Can view meeting index page", "content_type": 14, "codename": "view_meetingindexpage"}}, {"model": "auth.permission", "pk": 48, "fields": {"name": "Can add person index page", "content_type": 15, "codename": "add_personindexpage"}}, {"model": "auth.permission", "pk": 49, "fields": {"name": "Can change person index page", "content_type": 15, "codename": "change_personindexpage"}}, {"model": "auth.permission", "pk": 50, "fields": {"name": "Can delete person index page", "content_type": 15, "codename": "delete_personindexpage"}}, {"model": "auth.permission", "pk": 51, "fields": {"name": "Can view person index page", "content_type": 15, "codename": "view_personindexpage"}}, {"model": "auth.permission", "pk": 52, "fields": {"name": "Can add event", "content_type": 16, "codename": "add_event"}}, {"model": "auth.permission", "pk": 53, "fields": {"name": "Can change event", "content_type": 16, "codename": "change_event"}}, {"model": "auth.permission", "pk": 54, "fields": {"name": "Can delete event", "content_type": 16, "codename": "delete_event"}}, {"model": "auth.permission", "pk": 55, "fields": {"name": "Can view event", "content_type": 16, "codename": "view_event"}}, {"model": "auth.permission", "pk": 56, "fields": {"name": "Can add events index page", "content_type": 17, "codename": "add_eventsindexpage"}}, {"model": "auth.permission", "pk": 57, "fields": {"name": "Can change events index page", "content_type": 17, "codename": "change_eventsindexpage"}}, {"model": "auth.permission", "pk": 58, "fields": {"name": "Can delete events index page", "content_type": 17, "codename": "delete_eventsindexpage"}}, {"model": "auth.permission", "pk": 59, "fields": {"name": "Can view events index page", "content_type": 17, "codename": "view_eventsindexpage"}}, {"model": "auth.permission", "pk": 60, "fields": {"name": "Can add home page", "content_type": 18, "codename": "add_homepage"}}, {"model": "auth.permission", "pk": 61, "fields": {"name": "Can change home page", "content_type": 18, "codename": "change_homepage"}}, {"model": "auth.permission", "pk": 62, "fields": {"name": "Can delete home page", "content_type": 18, "codename": "delete_homepage"}}, {"model": "auth.permission", "pk": 63, "fields": {"name": "Can view home page", "content_type": 18, "codename": "view_homepage"}}, {"model": "auth.permission", "pk": 64, "fields": {"name": "Can add home page featured article", "content_type": 19, "codename": "add_homepagefeaturedarticle"}}, {"model": "auth.permission", "pk": 65, "fields": {"name": "Can change home page featured article", "content_type": 19, "codename": "change_homepagefeaturedarticle"}}, {"model": "auth.permission", "pk": 66, "fields": {"name": "Can delete home page featured article", "content_type": 19, "codename": "delete_homepagefeaturedarticle"}}, {"model": "auth.permission", "pk": 67, "fields": {"name": "Can view home page featured article", "content_type": 19, "codename": "view_homepagefeaturedarticle"}}, {"model": "auth.permission", "pk": 68, "fields": {"name": "Can add library index page", "content_type": 20, "codename": "add_libraryindexpage"}}, {"model": "auth.permission", "pk": 69, "fields": {"name": "Can change library index page", "content_type": 20, "codename": "change_libraryindexpage"}}, {"model": "auth.permission", "pk": 70, "fields": {"name": "Can delete library index page", "content_type": 20, "codename": "delete_libraryindexpage"}}, {"model": "auth.permission", "pk": 71, "fields": {"name": "Can view library index page", "content_type": 20, "codename": "view_libraryindexpage"}}, {"model": "auth.permission", "pk": 72, "fields": {"name": "Can add library item", "content_type": 21, "codename": "add_libraryitem"}}, {"model": "auth.permission", "pk": 73, "fields": {"name": "Can change library item", "content_type": 21, "codename": "change_libraryitem"}}, {"model": "auth.permission", "pk": 74, "fields": {"name": "Can delete library item", "content_type": 21, "codename": "delete_libraryitem"}}, {"model": "auth.permission", "pk": 75, "fields": {"name": "Can view library item", "content_type": 21, "codename": "view_libraryitem"}}, {"model": "auth.permission", "pk": 76, "fields": {"name": "Can add library item author", "content_type": 22, "codename": "add_libraryitemauthor"}}, {"model": "auth.permission", "pk": 77, "fields": {"name": "Can change library item author", "content_type": 22, "codename": "change_libraryitemauthor"}}, {"model": "auth.permission", "pk": 78, "fields": {"name": "Can delete library item author", "content_type": 22, "codename": "delete_libraryitemauthor"}}, {"model": "auth.permission", "pk": 79, "fields": {"name": "Can view library item author", "content_type": 22, "codename": "view_libraryitemauthor"}}, {"model": "auth.permission", "pk": 80, "fields": {"name": "Can add magazine article", "content_type": 23, "codename": "add_magazinearticle"}}, {"model": "auth.permission", "pk": 81, "fields": {"name": "Can change magazine article", "content_type": 23, "codename": "change_magazinearticle"}}, {"model": "auth.permission", "pk": 82, "fields": {"name": "Can delete magazine article", "content_type": 23, "codename": "delete_magazinearticle"}}, {"model": "auth.permission", "pk": 83, "fields": {"name": "Can view magazine article", "content_type": 23, "codename": "view_magazinearticle"}}, {"model": "auth.permission", "pk": 84, "fields": {"name": "Can add magazine article tag", "content_type": 24, "codename": "add_magazinearticletag"}}, {"model": "auth.permission", "pk": 85, "fields": {"name": "Can change magazine article tag", "content_type": 24, "codename": "change_magazinearticletag"}}, {"model": "auth.permission", "pk": 86, "fields": {"name": "Can delete magazine article tag", "content_type": 24, "codename": "delete_magazinearticletag"}}, {"model": "auth.permission", "pk": 87, "fields": {"name": "Can view magazine article tag", "content_type": 24, "codename": "view_magazinearticletag"}}, {"model": "auth.permission", "pk": 88, "fields": {"name": "Can add magazine department", "content_type": 25, "codename": "add_magazinedepartment"}}, {"model": "auth.permission", "pk": 89, "fields": {"name": "Can change magazine department", "content_type": 25, "codename": "change_magazinedepartment"}}, {"model": "auth.permission", "pk": 90, "fields": {"name": "Can delete magazine department", "content_type": 25, "codename": "delete_magazinedepartment"}}, {"model": "auth.permission", "pk": 91, "fields": {"name": "Can view magazine department", "content_type": 25, "codename": "view_magazinedepartment"}}, {"model": "auth.permission", "pk": 92, "fields": {"name": "Can add magazine department index page", "content_type": 26, "codename": "add_magazinedepartmentindexpage"}}, {"model": "auth.permission", "pk": 93, "fields": {"name": "Can change magazine department index page", "content_type": 26, "codename": "change_magazinedepartmentindexpage"}}, {"model": "auth.permission", "pk": 94, "fields": {"name": "Can delete magazine department index page", "content_type": 26, "codename": "delete_magazinedepartmentindexpage"}}, {"model": "auth.permission", "pk": 95, "fields": {"name": "Can view magazine department index page", "content_type": 26, "codename": "view_magazinedepartmentindexpage"}}, {"model": "auth.permission", "pk": 96, "fields": {"name": "Can add magazine index page", "content_type": 27, "codename": "add_magazineindexpage"}}, {"model": "auth.permission", "pk": 97, "fields": {"name": "Can change magazine index page", "content_type": 27, "codename": "change_magazineindexpage"}}, {"model": "auth.permission", "pk": 98, "fields": {"name": "Can delete magazine index page", "content_type": 27, "codename": "delete_magazineindexpage"}}, {"model": "auth.permission", "pk": 99, "fields": {"name": "Can view magazine index page", "content_type": 27, "codename": "view_magazineindexpage"}}, {"model": "auth.permission", "pk": 100, "fields": {"name": "Can add magazine issue", "content_type": 28, "codename": "add_magazineissue"}}, {"model": "auth.permission", "pk": 101, "fields": {"name": "Can change magazine issue", "content_type": 28, "codename": "change_magazineissue"}}, {"model": "auth.permission", "pk": 102, "fields": {"name": "Can delete magazine issue", "content_type": 28, "codename": "delete_magazineissue"}}, {"model": "auth.permission", "pk": 103, "fields": {"name": "Can view magazine issue", "content_type": 28, "codename": "view_magazineissue"}}, {"model": "auth.permission", "pk": 104, "fields": {"name": "Can add magazine issue featured article", "content_type": 29, "codename": "add_magazineissuefeaturedarticle"}}, {"model": "auth.permission", "pk": 105, "fields": {"name": "Can change magazine issue featured article", "content_type": 29, "codename": "change_magazineissuefeaturedarticle"}}, {"model": "auth.permission", "pk": 106, "fields": {"name": "Can delete magazine issue featured article", "content_type": 29, "codename": "delete_magazineissuefeaturedarticle"}}, {"model": "auth.permission", "pk": 107, "fields": {"name": "Can view magazine issue featured article", "content_type": 29, "codename": "view_magazineissuefeaturedarticle"}}, {"model": "auth.permission", "pk": 108, "fields": {"name": "Can add magazine tag index page", "content_type": 30, "codename": "add_magazinetagindexpage"}}, {"model": "auth.permission", "pk": 109, "fields": {"name": "Can change magazine tag index page", "content_type": 30, "codename": "change_magazinetagindexpage"}}, {"model": "auth.permission", "pk": 110, "fields": {"name": "Can delete magazine tag index page", "content_type": 30, "codename": "delete_magazinetagindexpage"}}, {"model": "auth.permission", "pk": 111, "fields": {"name": "Can view magazine tag index page", "content_type": 30, "codename": "view_magazinetagindexpage"}}, {"model": "auth.permission", "pk": 112, "fields": {"name": "Can add magazine article author", "content_type": 31, "codename": "add_magazinearticleauthor"}}, {"model": "auth.permission", "pk": 113, "fields": {"name": "Can change magazine article author", "content_type": 31, "codename": "change_magazinearticleauthor"}}, {"model": "auth.permission", "pk": 114, "fields": {"name": "Can delete magazine article author", "content_type": 31, "codename": "delete_magazinearticleauthor"}}, {"model": "auth.permission", "pk": 115, "fields": {"name": "Can view magazine article author", "content_type": 31, "codename": "view_magazinearticleauthor"}}, {"model": "auth.permission", "pk": 116, "fields": {"name": "Can add form submission", "content_type": 32, "codename": "add_formsubmission"}}, {"model": "auth.permission", "pk": 117, "fields": {"name": "Can change form submission", "content_type": 32, "codename": "change_formsubmission"}}, {"model": "auth.permission", "pk": 118, "fields": {"name": "Can delete form submission", "content_type": 32, "codename": "delete_formsubmission"}}, {"model": "auth.permission", "pk": 119, "fields": {"name": "Can view form submission", "content_type": 32, "codename": "view_formsubmission"}}, {"model": "auth.permission", "pk": 120, "fields": {"name": "Can add redirect", "content_type": 33, "codename": "add_redirect"}}, {"model": "auth.permission", "pk": 121, "fields": {"name": "Can change redirect", "content_type": 33, "codename": "change_redirect"}}, {"model": "auth.permission", "pk": 122, "fields": {"name": "Can delete redirect", "content_type": 33, "codename": "delete_redirect"}}, {"model": "auth.permission", "pk": 123, "fields": {"name": "Can view redirect", "content_type": 33, "codename": "view_redirect"}}, {"model": "auth.permission", "pk": 124, "fields": {"name": "Can add embed", "content_type": 34, "codename": "add_embed"}}, {"model": "auth.permission", "pk": 125, "fields": {"name": "Can change embed", "content_type": 34, "codename": "change_embed"}}, {"model": "auth.permission", "pk": 126, "fields": {"name": "Can delete embed", "content_type": 34, "codename": "delete_embed"}}, {"model": "auth.permission", "pk": 127, "fields": {"name": "Can view embed", "content_type": 34, "codename": "view_embed"}}, {"model": "auth.permission", "pk": 128, "fields": {"name": "Can add user profile", "content_type": 35, "codename": "add_userprofile"}}, {"model": "auth.permission", "pk": 129, "fields": {"name": "Can change user profile", "content_type": 35, "codename": "change_userprofile"}}, {"model": "auth.permission", "pk": 130, "fields": {"name": "Can delete user profile", "content_type": 35, "codename": "delete_userprofile"}}, {"model": "auth.permission", "pk": 131, "fields": {"name": "Can view user profile", "content_type": 35, "codename": "view_userprofile"}}, {"model": "auth.permission", "pk": 132, "fields": {"name": "Can view document", "content_type": 4, "codename": "view_document"}}, {"model": "auth.permission", "pk": 133, "fields": {"name": "Can view image", "content_type": 2, "codename": "view_image"}}, {"model": "auth.permission", "pk": 134, "fields": {"name": "Can add rendition", "content_type": 36, "codename": "add_rendition"}}, {"model": "auth.permission", "pk": 135, "fields": {"name": "Can change rendition", "content_type": 36, "codename": "change_rendition"}}, {"model": "auth.permission", "pk": 136, "fields": {"name": "Can delete rendition", "content_type": 36, "codename": "delete_rendition"}}, {"model": "auth.permission", "pk": 137, "fields": {"name": "Can view rendition", "content_type": 36, "codename": "view_rendition"}}, {"model": "auth.permission", "pk": 138, "fields": {"name": "Can add query", "content_type": 37, "codename": "add_query"}}, {"model": "auth.permission", "pk": 139, "fields": {"name": "Can change query", "content_type": 37, "codename": "change_query"}}, {"model": "auth.permission", "pk": 140, "fields": {"name": "Can delete query", "content_type": 37, "codename": "delete_query"}}, {"model": "auth.permission", "pk": 141, "fields": {"name": "Can view query", "content_type": 37, "codename": "view_query"}}, {"model": "auth.permission", "pk": 142, "fields": {"name": "Can add Query Daily Hits", "content_type": 38, "codename": "add_querydailyhits"}}, {"model": "auth.permission", "pk": 143, "fields": {"name": "Can change Query Daily Hits", "content_type": 38, "codename": "change_querydailyhits"}}, {"model": "auth.permission", "pk": 144, "fields": {"name": "Can delete Query Daily Hits", "content_type": 38, "codename": "delete_querydailyhits"}}, {"model": "auth.permission", "pk": 145, "fields": {"name": "Can view Query Daily Hits", "content_type": 38, "codename": "view_querydailyhits"}}, {"model": "auth.permission", "pk": 146, "fields": {"name": "Can add page", "content_type": 1, "codename": "add_page"}}, {"model": "auth.permission", "pk": 147, "fields": {"name": "Can change page", "content_type": 1, "codename": "change_page"}}, {"model": "auth.permission", "pk": 148, "fields": {"name": "Can delete page", "content_type": 1, "codename": "delete_page"}}, {"model": "auth.permission", "pk": 149, "fields": {"name": "Can view page", "content_type": 1, "codename": "view_page"}}, {"model": "auth.permission", "pk": 150, "fields": {"name": "Can add group page permission", "content_type": 39, "codename": "add_grouppagepermission"}}, {"model": "auth.permission", "pk": 151, "fields": {"name": "Can change group page permission", "content_type": 39, "codename": "change_grouppagepermission"}}, {"model": "auth.permission", "pk": 152, "fields": {"name": "Can delete group page permission", "content_type": 39, "codename": "delete_grouppagepermission"}}, {"model": "auth.permission", "pk": 153, "fields": {"name": "Can view group page permission", "content_type": 39, "codename": "view_grouppagepermission"}}, {"model": "auth.permission", "pk": 154, "fields": {"name": "Can add page revision", "content_type": 40, "codename": "add_pagerevision"}}, {"model": "auth.permission", "pk": 155, "fields": {"name": "Can change page revision", "content_type": 40, "codename": "change_pagerevision"}}, {"model": "auth.permission", "pk": 156, "fields": {"name": "Can delete page revision", "content_type": 40, "codename": "delete_pagerevision"}}, {"model": "auth.permission", "pk": 157, "fields": {"name": "Can view page revision", "content_type": 40, "codename": "view_pagerevision"}}, {"model": "auth.permission", "pk": 158, "fields": {"name": "Can add page view restriction", "content_type": 41, "codename": "add_pageviewrestriction"}}, {"model": "auth.permission", "pk": 159, "fields": {"name": "Can change page view restriction", "content_type": 41, "codename": "change_pageviewrestriction"}}, {"model": "auth.permission", "pk": 160, "fields": {"name": "Can delete page view restriction", "content_type": 41, "codename": "delete_pageviewrestriction"}}, {"model": "auth.permission", "pk": 161, "fields": {"name": "Can view page view restriction", "content_type": 41, "codename": "view_pageviewrestriction"}}, {"model": "auth.permission", "pk": 162, "fields": {"name": "Can add site", "content_type": 42, "codename": "add_site"}}, {"model": "auth.permission", "pk": 163, "fields": {"name": "Can change site", "content_type": 42, "codename": "change_site"}}, {"model": "auth.permission", "pk": 164, "fields": {"name": "Can delete site", "content_type": 42, "codename": "delete_site"}}, {"model": "auth.permission", "pk": 165, "fields": {"name": "Can view site", "content_type": 42, "codename": "view_site"}}, {"model": "auth.permission", "pk": 166, "fields": {"name": "Can add collection", "content_type": 43, "codename": "add_collection"}}, {"model": "auth.permission", "pk": 167, "fields": {"name": "Can change collection", "content_type": 43, "codename": "change_collection"}}, {"model": "auth.permission", "pk": 168, "fields": {"name": "Can delete collection", "content_type": 43, "codename": "delete_collection"}}, {"model": "auth.permission", "pk": 169, "fields": {"name": "Can view collection", "content_type": 43, "codename": "view_collection"}}, {"model": "auth.permission", "pk": 170, "fields": {"name": "Can add group collection permission", "content_type": 44, "codename": "add_groupcollectionpermission"}}, {"model": "auth.permission", "pk": 171, "fields": {"name": "Can change group collection permission", "content_type": 44, "codename": "change_groupcollectionpermission"}}, {"model": "auth.permission", "pk": 172, "fields": {"name": "Can delete group collection permission", "content_type": 44, "codename": "delete_groupcollectionpermission"}}, {"model": "auth.permission", "pk": 173, "fields": {"name": "Can view group collection permission", "content_type": 44, "codename": "view_groupcollectionpermission"}}, {"model": "auth.permission", "pk": 174, "fields": {"name": "Can add collection view restriction", "content_type": 45, "codename": "add_collectionviewrestriction"}}, {"model": "auth.permission", "pk": 175, "fields": {"name": "Can change collection view restriction", "content_type": 45, "codename": "change_collectionviewrestriction"}}, {"model": "auth.permission", "pk": 176, "fields": {"name": "Can delete collection view restriction", "content_type": 45, "codename": "delete_collectionviewrestriction"}}, {"model": "auth.permission", "pk": 177, "fields": {"name": "Can view collection view restriction", "content_type": 45, "codename": "view_collectionviewrestriction"}}, {"model": "auth.permission", "pk": 178, "fields": {"name": "Can add Tag", "content_type": 46, "codename": "add_tag"}}, {"model": "auth.permission", "pk": 179, "fields": {"name": "Can change Tag", "content_type": 46, "codename": "change_tag"}}, {"model": "auth.permission", "pk": 180, "fields": {"name": "Can delete Tag", "content_type": 46, "codename": "delete_tag"}}, {"model": "auth.permission", "pk": 181, "fields": {"name": "Can view Tag", "content_type": 46, "codename": "view_tag"}}, {"model": "auth.permission", "pk": 182, "fields": {"name": "Can add Tagged Item", "content_type": 47, "codename": "add_taggeditem"}}, {"model": "auth.permission", "pk": 183, "fields": {"name": "Can change Tagged Item", "content_type": 47, "codename": "change_taggeditem"}}, {"model": "auth.permission", "pk": 184, "fields": {"name": "Can delete Tagged Item", "content_type": 47, "codename": "delete_taggeditem"}}, {"model": "auth.permission", "pk": 185, "fields": {"name": "Can view Tagged Item", "content_type": 47, "codename": "view_taggeditem"}}, {"model": "auth.permission", "pk": 186, "fields": {"name": "Can add log entry", "content_type": 48, "codename": "add_logentry"}}, {"model": "auth.permission", "pk": 187, "fields": {"name": "Can change log entry", "content_type": 48, "codename": "change_logentry"}}, {"model": "auth.permission", "pk": 188, "fields": {"name": "Can delete log entry", "content_type": 48, "codename": "delete_logentry"}}, {"model": "auth.permission", "pk": 189, "fields": {"name": "Can view log entry", "content_type": 48, "codename": "view_logentry"}}, {"model": "auth.permission", "pk": 190, "fields": {"name": "Can add permission", "content_type": 49, "codename": "add_permission"}}, {"model": "auth.permission", "pk": 191, "fields": {"name": "Can change permission", "content_type": 49, "codename": "change_permission"}}, {"model": "auth.permission", "pk": 192, "fields": {"name": "Can delete permission", "content_type": 49, "codename": "delete_permission"}}, {"model": "auth.permission", "pk": 193, "fields": {"name": "Can view permission", "content_type": 49, "codename": "view_permission"}}, {"model": "auth.permission", "pk": 194, "fields": {"name": "Can add group", "content_type": 50, "codename": "add_group"}}, {"model": "auth.permission", "pk": 195, "fields": {"name": "Can change group", "content_type": 50, "codename": "change_group"}}, {"model": "auth.permission", "pk": 196, "fields": {"name": "Can delete group", "content_type": 50, "codename": "delete_group"}}, {"model": "auth.permission", "pk": 197, "fields": {"name": "Can view group", "content_type": 50, "codename": "view_group"}}, {"model": "auth.permission", "pk": 198, "fields": {"name": "Can add user", "content_type": 51, "codename": "add_user"}}, {"model": "auth.permission", "pk": 199, "fields": {"name": "Can change user", "content_type": 51, "codename": "change_user"}}, {"model": "auth.permission", "pk": 200, "fields": {"name": "Can delete user", "content_type": 51, "codename": "delete_user"}}, {"model": "auth.permission", "pk": 201, "fields": {"name": "Can view user", "content_type": 51, "codename": "view_user"}}, {"model": "auth.permission", "pk": 202, "fields": {"name": "Can add content type", "content_type": 52, "codename": "add_contenttype"}}, {"model": "auth.permission", "pk": 203, "fields": {"name": "Can change content type", "content_type": 52, "codename": "change_contenttype"}}, {"model": "auth.permission", "pk": 204, "fields": {"name": "Can delete content type", "content_type": 52, "codename": "delete_contenttype"}}, {"model": "auth.permission", "pk": 205, "fields": {"name": "Can view content type", "content_type": 52, "codename": "view_contenttype"}}, {"model": "auth.permission", "pk": 206, "fields": {"name": "Can add session", "content_type": 53, "codename": "add_session"}}, {"model": "auth.permission", "pk": 207, "fields": {"name": "Can change session", "content_type": 53, "codename": "change_session"}}, {"model": "auth.permission", "pk": 208, "fields": {"name": "Can delete session", "content_type": 53, "codename": "delete_session"}}, {"model": "auth.permission", "pk": 209, "fields": {"name": "Can view session", "content_type": 53, "codename": "view_session"}}, {"model": "auth.permission", "pk": 210, "fields": {"name": "Can add audience", "content_type": 54, "codename": "add_audience"}}, {"model": "auth.permission", "pk": 211, "fields": {"name": "Can change audience", "content_type": 54, "codename": "change_audience"}}, {"model": "auth.permission", "pk": 212, "fields": {"name": "Can delete audience", "content_type": 54, "codename": "delete_audience"}}, {"model": "auth.permission", "pk": 213, "fields": {"name": "Can view audience", "content_type": 54, "codename": "view_audience"}}, {"model": "auth.permission", "pk": 214, "fields": {"name": "Can add topic index page", "content_type": 55, "codename": "add_topicindexpage"}}, {"model": "auth.permission", "pk": 215, "fields": {"name": "Can change topic index page", "content_type": 55, "codename": "change_topicindexpage"}}, {"model": "auth.permission", "pk": 216, "fields": {"name": "Can delete topic index page", "content_type": 55, "codename": "delete_topicindexpage"}}, {"model": "auth.permission", "pk": 217, "fields": {"name": "Can view topic index page", "content_type": 55, "codename": "view_topicindexpage"}}, {"model": "auth.permission", "pk": 218, "fields": {"name": "Can add audience index page", "content_type": 56, "codename": "add_audienceindexpage"}}, {"model": "auth.permission", "pk": 219, "fields": {"name": "Can change audience index page", "content_type": 56, "codename": "change_audienceindexpage"}}, {"model": "auth.permission", "pk": 220, "fields": {"name": "Can delete audience index page", "content_type": 56, "codename": "delete_audienceindexpage"}}, {"model": "auth.permission", "pk": 221, "fields": {"name": "Can view audience index page", "content_type": 56, "codename": "view_audienceindexpage"}}, {"model": "auth.permission", "pk": 222, "fields": {"name": "Can add time period", "content_type": 57, "codename": "add_timeperiod"}}, {"model": "auth.permission", "pk": 223, "fields": {"name": "Can change time period", "content_type": 57, "codename": "change_timeperiod"}}, {"model": "auth.permission", "pk": 224, "fields": {"name": "Can delete time period", "content_type": 57, "codename": "delete_timeperiod"}}, {"model": "auth.permission", "pk": 225, "fields": {"name": "Can view time period", "content_type": 57, "codename": "view_timeperiod"}}, {"model": "auth.permission", "pk": 226, "fields": {"name": "Can add time period index page", "content_type": 58, "codename": "add_timeperiodindexpage"}}, {"model": "auth.permission", "pk": 227, "fields": {"name": "Can change time period index page", "content_type": 58, "codename": "change_timeperiodindexpage"}}, {"model": "auth.permission", "pk": 228, "fields": {"name": "Can delete time period index page", "content_type": 58, "codename": "delete_timeperiodindexpage"}}, {"model": "auth.permission", "pk": 229, "fields": {"name": "Can view time period index page", "content_type": 58, "codename": "view_timeperiodindexpage"}}, {"model": "auth.permission", "pk": 230, "fields": {"name": "Can add medium index page", "content_type": 59, "codename": "add_mediumindexpage"}}, {"model": "auth.permission", "pk": 231, "fields": {"name": "Can change medium index page", "content_type": 59, "codename": "change_mediumindexpage"}}, {"model": "auth.permission", "pk": 232, "fields": {"name": "Can delete medium index page", "content_type": 59, "codename": "delete_mediumindexpage"}}, {"model": "auth.permission", "pk": 233, "fields": {"name": "Can view medium index page", "content_type": 59, "codename": "view_mediumindexpage"}}, {"model": "auth.permission", "pk": 234, "fields": {"name": "Can add genre index page", "content_type": 60, "codename": "add_genreindexpage"}}, {"model": "auth.permission", "pk": 235, "fields": {"name": "Can change genre index page", "content_type": 60, "codename": "change_genreindexpage"}}, {"model": "auth.permission", "pk": 236, "fields": {"name": "Can delete genre index page", "content_type": 60, "codename": "delete_genreindexpage"}}, {"model": "auth.permission", "pk": 237, "fields": {"name": "Can view genre index page", "content_type": 60, "codename": "view_genreindexpage"}}, {"model": "auth.permission", "pk": 238, "fields": {"name": "Can add facet index page", "content_type": 61, "codename": "add_facetindexpage"}}, {"model": "auth.permission", "pk": 239, "fields": {"name": "Can change facet index page", "content_type": 61, "codename": "change_facetindexpage"}}, {"model": "auth.permission", "pk": 240, "fields": {"name": "Can delete facet index page", "content_type": 61, "codename": "delete_facetindexpage"}}, {"model": "auth.permission", "pk": 241, "fields": {"name": "Can view facet index page", "content_type": 61, "codename": "view_facetindexpage"}}, {"model": "auth.permission", "pk": 242, "fields": {"name": "Can add genre", "content_type": 62, "codename": "add_genre"}}, {"model": "auth.permission", "pk": 243, "fields": {"name": "Can change genre", "content_type": 62, "codename": "change_genre"}}, {"model": "auth.permission", "pk": 244, "fields": {"name": "Can delete genre", "content_type": 62, "codename": "delete_genre"}}, {"model": "auth.permission", "pk": 245, "fields": {"name": "Can view genre", "content_type": 62, "codename": "view_genre"}}, {"model": "auth.permission", "pk": 246, "fields": {"name": "Can add topic", "content_type": 63, "codename": "add_topic"}}, {"model": "auth.permission", "pk": 247, "fields": {"name": "Can change topic", "content_type": 63, "codename": "change_topic"}}, {"model": "auth.permission", "pk": 248, "fields": {"name": "Can delete topic", "content_type": 63, "codename": "delete_topic"}}, {"model": "auth.permission", "pk": 249, "fields": {"name": "Can view topic", "content_type": 63, "codename": "view_topic"}}, {"model": "auth.permission", "pk": 250, "fields": {"name": "Can add medium", "content_type": 64, "codename": "add_medium"}}, {"model": "auth.permission", "pk": 251, "fields": {"name": "Can change medium", "content_type": 64, "codename": "change_medium"}}, {"model": "auth.permission", "pk": 252, "fields": {"name": "Can delete medium", "content_type": 64, "codename": "delete_medium"}}, {"model": "auth.permission", "pk": 253, "fields": {"name": "Can view medium", "content_type": 64, "codename": "view_medium"}}, {"model": "auth.permission", "pk": 254, "fields": {"name": "Can add library item topic", "content_type": 65, "codename": "add_libraryitemtopic"}}, {"model": "auth.permission", "pk": 255, "fields": {"name": "Can change library item topic", "content_type": 65, "codename": "change_libraryitemtopic"}}, {"model": "auth.permission", "pk": 256, "fields": {"name": "Can delete library item topic", "content_type": 65, "codename": "delete_libraryitemtopic"}}, {"model": "auth.permission", "pk": 257, "fields": {"name": "Can view library item topic", "content_type": 65, "codename": "view_libraryitemtopic"}}, {"model": "auth.group", "pk": 1, "fields": {"name": "Moderators", "permissions": [4, 5, 6, 7, 1, 2, 3]}}, {"model": "auth.group", "pk": 2, "fields": {"name": "Editors", "permissions": [4, 5, 6, 7, 1, 2, 3]}}, {"model": "auth.user", "pk": 1, "fields": {"password": "pbkdf2_sha256$150000$SwSzz2gjFi1Z$GN2QPJRogfK/ypLgGt74KOjmKhxLUVS4CMgxf/AaHpI=", "last_login": "2019-06-08T20:28:47.810Z", "is_superuser": true, "username": "brylie", "first_name": "", "last_name": "", "email": "", "is_staff": true, "is_active": true, "date_joined": "2019-06-08T20:28:37.966Z", "groups": [], "user_permissions": []}}, {"model": "wagtailcore.groupcollectionpermission", "pk": 1, "fields": {"group": 2, "collection": 1, "permission": 1}}, {"model": "wagtailcore.groupcollectionpermission", "pk": 2, "fields": {"group": 1, "collection": 1, "permission": 1}}, {"model": "wagtailcore.groupcollectionpermission", "pk": 3, "fields": {"group": 2, "collection": 1, "permission": 2}}, {"model": "wagtailcore.groupcollectionpermission", "pk": 4, "fields": {"group": 1, "collection": 1, "permission": 2}}, {"model": "wagtailcore.groupcollectionpermission", "pk": 5, "fields": {"group": 2, "collection": 1, "permission": 5}}, {"model": "wagtailcore.groupcollectionpermission", "pk": 6, "fields": {"group": 1, "collection": 1, "permission": 5}}, {"model": "wagtailcore.groupcollectionpermission", "pk": 7, "fields": {"group": 2, "collection": 1, "permission": 6}}, {"model": "wagtailcore.groupcollectionpermission", "pk": 8, "fields": {"group": 1, "collection": 1, "permission": 6}}, {"model": "wagtailcore.grouppagepermission", "pk": 1, "fields": {"group": 1, "page": 1, "permission_type": "add"}}, {"model": "wagtailcore.grouppagepermission", "pk": 2, "fields": {"group": 1, "page": 1, "permission_type": "edit"}}, {"model": "wagtailcore.grouppagepermission", "pk": 3, "fields": {"group": 1, "page": 1, "permission_type": "publish"}}, {"model": "wagtailcore.grouppagepermission", "pk": 4, "fields": {"group": 2, "page": 1, "permission_type": "add"}}, {"model": "wagtailcore.grouppagepermission", "pk": 5, "fields": {"group": 2, "page": 1, "permission_type": "edit"}}, {"model": "wagtailcore.grouppagepermission", "pk": 6, "fields": {"group": 1, "page": 1, "permission_type": "lock"}}, {"model": "wagtailcore.pagerevision", "pk": 1, "fields": {"page": 3, "submitted_for_moderation": false, "created_at": "2019-06-08T20:29:09.195Z", "user": 1, "content_json": "{\"pk\": 3, \"path\": \"00010001\", \"depth\": 2, \"numchild\": 0, \"title\": \"Welcome\", \"draft_title\": \"Welcome\", \"slug\": \"welcome\", \"content_type\": 18, \"live\": true, \"has_unpublished_changes\": false, \"url_path\": \"/welcome/\", \"owner\": 1, \"seo_title\": \"\", \"show_in_menus\": false, \"search_description\": \"\", \"go_live_at\": null, \"expire_at\": null, \"expired\": false, \"locked\": false, \"first_published_at\": null, \"last_published_at\": null, \"latest_revision_created_at\": null, \"live_revision\": null, \"intro\": \"\", \"featured_articles\": []}", "approved_go_live_at": null}}, {"model": "wagtailcore.pagerevision", "pk": 2, "fields": {"page": 4, "submitted_for_moderation": false, "created_at": "2019-06-08T20:31:06.993Z", "user": 1, "content_json": "{\"pk\": 4, \"path\": \"000100010001\", \"depth\": 3, \"numchild\": 0, \"title\": \"Community\", \"draft_title\": \"Community\", \"slug\": \"community\", \"content_type\": 5, \"live\": true, \"has_unpublished_changes\": false, \"url_path\": \"/welcome/community/\", \"owner\": 1, \"seo_title\": \"\", \"show_in_menus\": false, \"search_description\": \"\", \"go_live_at\": null, \"expire_at\": null, \"expired\": false, \"locked\": false, \"first_published_at\": null, \"last_published_at\": null, \"latest_revision_created_at\": null, \"live_revision\": null, \"body\": \"[{\\\"type\\\": \\\"heading\\\", \\\"value\\\": \\\"Welcome\\\", \\\"id\\\": \\\"a0d4421d-8c80-4ee9-b402-f2bed8d6381d\\\"}]\"}", "approved_go_live_at": null}}, {"model": "wagtailcore.pagerevision", "pk": 3, "fields": {"page": 5, "submitted_for_moderation": false, "created_at": "2019-06-08T20:31:22.797Z", "user": 1, "content_json": "{\"pk\": 5, \"path\": \"0001000100010001\", \"depth\": 4, \"numchild\": 0, \"title\": \"People\", \"draft_title\": \"People\", \"slug\": \"people\", \"content_type\": 15, \"live\": true, \"has_unpublished_changes\": false, \"url_path\": \"/welcome/community/people/\", \"owner\": 1, \"seo_title\": \"\", \"show_in_menus\": false, \"search_description\": \"\", \"go_live_at\": null, \"expire_at\": null, \"expired\": false, \"locked\": false, \"first_published_at\": null, \"last_published_at\": null, \"latest_revision_created_at\": null, \"live_revision\": null}", "approved_go_live_at": null}}, {"model": "wagtailcore.pagerevision", "pk": 4, "fields": {"page": 6, "submitted_for_moderation": false, "created_at": "2019-06-08T20:33:06.525Z", "user": 1, "content_json": "{\"pk\": 6, \"path\": \"00010001000100010001\", \"depth\": 5, \"numchild\": 0, \"title\": \"Brylie Oxley\", \"draft_title\": \"Brylie Oxley\", \"slug\": \"brylie-oxley\", \"content_type\": 12, \"live\": true, \"has_unpublished_changes\": false, \"url_path\": \"/welcome/community/people/brylie-oxley/\", \"owner\": 1, \"seo_title\": \"\", \"show_in_menus\": false, \"search_description\": \"\", \"go_live_at\": null, \"expire_at\": null, \"expired\": false, \"locked\": false, \"first_published_at\": null, \"last_published_at\": null, \"latest_revision_created_at\": null, \"live_revision\": null, \"given_name\": \"Brylie\", \"family_name\": \"Oxley\"}", "approved_go_live_at": null}}, {"model": "wagtailcore.pagerevision", "pk": 5, "fields": {"page": 7, "submitted_for_moderation": false, "created_at": "2019-06-08T20:34:05.841Z", "user": 1, "content_json": "{\"pk\": 7, \"path\": \"000100010002\", \"depth\": 3, \"numchild\": 0, \"title\": \"Library\", \"draft_title\": \"Library\", \"slug\": \"library\", \"content_type\": 20, \"live\": true, \"has_unpublished_changes\": false, \"url_path\": \"/welcome/library/\", \"owner\": 1, \"seo_title\": \"\", \"show_in_menus\": false, \"search_description\": \"\", \"go_live_at\": null, \"expire_at\": null, \"expired\": false, \"locked\": false, \"first_published_at\": null, \"last_published_at\": null, \"latest_revision_created_at\": null, \"live_revision\": null, \"intro\": \"<p>Intro text.</p>\"}", "approved_go_live_at": null}}, {"model": "wagtailcore.pagerevision", "pk": 6, "fields": {"page": 8, "submitted_for_moderation": false, "created_at": "2019-06-08T20:34:34.955Z", "user": 1, "content_json": "{\"pk\": 8, \"path\": \"000100010003\", \"depth\": 3, \"numchild\": 0, \"title\": \"Facets\", \"draft_title\": \"Facets\", \"slug\": \"facets\", \"content_type\": 61, \"live\": true, \"has_unpublished_changes\": false, \"url_path\": \"/welcome/facets/\", \"owner\": 1, \"seo_title\": \"\", \"show_in_menus\": false, \"search_description\": \"\", \"go_live_at\": null, \"expire_at\": null, \"expired\": false, \"locked\": false, \"first_published_at\": null, \"last_published_at\": null, \"latest_revision_created_at\": null, \"live_revision\": null}", "approved_go_live_at": null}}, {"model": "wagtailcore.pagerevision", "pk": 7, "fields": {"page": 9, "submitted_for_moderation": false, "created_at": "2019-06-08T20:34:50.942Z", "user": 1, "content_json": "{\"pk\": 9, \"path\": \"0001000100030001\", \"depth\": 4, \"numchild\": 0, \"title\": \"Audience\", \"draft_title\": \"Audience\", \"slug\": \"audience\", \"content_type\": 56, \"live\": true, \"has_unpublished_changes\": false, \"url_path\": \"/welcome/facets/audience/\", \"owner\": 1, \"seo_title\": \"\", \"show_in_menus\": false, \"search_description\": \"\", \"go_live_at\": null, \"expire_at\": null, \"expired\": false, \"locked\": false, \"first_published_at\": null, \"last_published_at\": null, \"latest_revision_created_at\": null, \"live_revision\": null}", "approved_go_live_at": null}}, {"model": "wagtailcore.pagerevision", "pk": 8, "fields": {"page": 10, "submitted_for_moderation": false, "created_at": "2019-06-08T20:35:01.916Z", "user": 1, "content_json": "{\"pk\": 10, \"path\": \"0001000100030002\", \"depth\": 4, \"numchild\": 0, \"title\": \"Genres\", \"draft_title\": \"Genres\", \"slug\": \"genres\", \"content_type\": 60, \"live\": true, \"has_unpublished_changes\": false, \"url_path\": \"/welcome/facets/genres/\", \"owner\": 1, \"seo_title\": \"\", \"show_in_menus\": false, \"search_description\": \"\", \"go_live_at\": null, \"expire_at\": null, \"expired\": false, \"locked\": false, \"first_published_at\": null, \"last_published_at\": null, \"latest_revision_created_at\": null, \"live_revision\": null}", "approved_go_live_at": null}}, {"model": "wagtailcore.pagerevision", "pk": 9, "fields": {"page": 11, "submitted_for_moderation": false, "created_at": "2019-06-08T20:35:14.126Z", "user": 1, "content_json": "{\"pk\": 11, \"path\": \"0001000100030003\", \"depth\": 4, \"numchild\": 0, \"title\": \"Medium\", \"draft_title\": \"Medium\", \"slug\": \"medium\", \"content_type\": 59, \"live\": true, \"has_unpublished_changes\": false, \"url_path\": \"/welcome/facets/medium/\", \"owner\": 1, \"seo_title\": \"\", \"show_in_menus\": false, \"search_description\": \"\", \"go_live_at\": null, \"expire_at\": null, \"expired\": false, \"locked\": false, \"first_published_at\": null, \"last_published_at\": null, \"latest_revision_created_at\": null, \"live_revision\": null}", "approved_go_live_at": null}}, {"model": "wagtailcore.pagerevision", "pk": 10, "fields": {"page": 12, "submitted_for_moderation": false, "created_at": "2019-06-08T20:35:29.168Z", "user": 1, "content_json": "{\"pk\": 12, \"path\": \"0001000100030004\", \"depth\": 4, \"numchild\": 0, \"title\": \"Time Period\", \"draft_title\": \"Time Period\", \"slug\": \"time-period\", \"content_type\": 58, \"live\": true, \"has_unpublished_changes\": false, \"url_path\": \"/welcome/facets/time-period/\", \"owner\": 1, \"seo_title\": \"\", \"show_in_menus\": false, \"search_description\": \"\", \"go_live_at\": null, \"expire_at\": null, \"expired\": false, \"locked\": false, \"first_published_at\": null, \"last_published_at\": null, \"latest_revision_created_at\": null, \"live_revision\": null}", "approved_go_live_at": null}}, {"model": "wagtailcore.pagerevision", "pk": 11, "fields": {"page": 10, "submitted_for_moderation": false, "created_at": "2019-06-08T20:35:39.048Z", "user": 1, "content_json": "{\"pk\": 10, \"path\": \"0001000100030002\", \"depth\": 4, \"numchild\": 0, \"title\": \"Genre\", \"draft_title\": \"Genres\", \"slug\": \"genres\", \"content_type\": 60, \"live\": true, \"has_unpublished_changes\": false, \"url_path\": \"/welcome/facets/genres/\", \"owner\": 1, \"seo_title\": \"\", \"show_in_menus\": false, \"search_description\": \"\", \"go_live_at\": null, \"expire_at\": null, \"expired\": false, \"locked\": false, \"first_published_at\": \"2019-06-08T20:35:01.990Z\", \"last_published_at\": \"2019-06-08T20:35:01.990Z\", \"latest_revision_created_at\": \"2019-06-08T20:35:01.916Z\", \"live_revision\": 8}", "approved_go_live_at": null}}, {"model": "wagtailcore.pagerevision", "pk": 12, "fields": {"page": 10, "submitted_for_moderation": false, "created_at": "2019-06-08T20:35:48.448Z", "user": 1, "content_json": "{\"pk\": 10, \"path\": \"0001000100030002\", \"depth\": 4, \"numchild\": 0, \"title\": \"Genre\", \"draft_title\": \"Genre\", \"slug\": \"genre\", \"content_type\": 60, \"live\": true, \"has_unpublished_changes\": false, \"url_path\": \"/welcome/facets/genres/\", \"owner\": 1, \"seo_title\": \"\", \"show_in_menus\": false, \"search_description\": \"\", \"go_live_at\": null, \"expire_at\": null, \"expired\": false, \"locked\": false, \"first_published_at\": \"2019-06-08T20:35:01.990Z\", \"last_published_at\": \"2019-06-08T20:35:39.098Z\", \"latest_revision_created_at\": \"2019-06-08T20:35:39.048Z\", \"live_revision\": 11}", "approved_go_live_at": null}}, {"model": "wagtailcore.pagerevision", "pk": 13, "fields": {"page": 13, "submitted_for_moderation": false, "created_at": "2019-06-08T20:35:54.991Z", "user": 1, "content_json": "{\"pk\": 13, \"path\": \"0001000100030005\", \"depth\": 4, \"numchild\": 0, \"title\": \"Topic\", \"draft_title\": \"Topic\", \"slug\": \"topic\", \"content_type\": 55, \"live\": true, \"has_unpublished_changes\": false, \"url_path\": \"/welcome/facets/topic/\", \"owner\": 1, \"seo_title\": \"\", \"show_in_menus\": false, \"search_description\": \"\", \"go_live_at\": null, \"expire_at\": null, \"expired\": false, \"locked\": false, \"first_published_at\": null, \"last_published_at\": null, \"latest_revision_created_at\": null, \"live_revision\": null}", "approved_go_live_at": null}}, {"model": "wagtailcore.pagerevision", "pk": 14, "fields": {"page": 14, "submitted_for_moderation": false, "created_at": "2019-06-08T20:36:28.033Z", "user": 1, "content_json": "{\"pk\": 14, \"path\": \"00010001000300050001\", \"depth\": 5, \"numchild\": 0, \"title\": \"Simplicity\", \"draft_title\": \"Simplicity\", \"slug\": \"simplicity\", \"content_type\": 63, \"live\": true, \"has_unpublished_changes\": false, \"url_path\": \"/welcome/facets/topic/simplicity/\", \"owner\": 1, \"seo_title\": \"\", \"show_in_menus\": false, \"search_description\": \"\", \"go_live_at\": null, \"expire_at\": null, \"expired\": false, \"locked\": false, \"first_published_at\": null, \"last_published_at\": null, \"latest_revision_created_at\": null, \"live_revision\": null}", "approved_go_live_at": null}}, {"model": "wagtailcore.pagerevision", "pk": 15, "fields": {"page": 15, "submitted_for_moderation": false, "created_at": "2019-06-08T20:36:40.013Z", "user": 1, "content_json": "{\"pk\": 15, \"path\": \"00010001000300050002\", \"depth\": 5, \"numchild\": 0, \"title\": \"Peace\", \"draft_title\": \"Peace\", \"slug\": \"peace\", \"content_type\": 63, \"live\": true, \"has_unpublished_changes\": false, \"url_path\": \"/welcome/facets/topic/peace/\", \"owner\": 1, \"seo_title\": \"\", \"show_in_menus\": false, \"search_description\": \"\", \"go_live_at\": null, \"expire_at\": null, \"expired\": false, \"locked\": false, \"first_published_at\": null, \"last_published_at\": null, \"latest_revision_created_at\": null, \"live_revision\": null}", "approved_go_live_at": null}}, {"model": "wagtailcore.pagerevision", "pk": 16, "fields": {"page": 16, "submitted_for_moderation": false, "created_at": "2019-06-08T20:37:01.104Z", "user": 1, "content_json": "{\"pk\": 16, \"path\": \"00010001000300020001\", \"depth\": 5, \"numchild\": 0, \"title\": \"Keynote Talk\", \"draft_title\": \"Keynote Talk\", \"slug\": \"keynote-talk\", \"content_type\": 62, \"live\": true, \"has_unpublished_changes\": false, \"url_path\": \"/welcome/facets/genre/keynote-talk/\", \"owner\": 1, \"seo_title\": \"\", \"show_in_menus\": false, \"search_description\": \"\", \"go_live_at\": null, \"expire_at\": null, \"expired\": false, \"locked\": false, \"first_published_at\": null, \"last_published_at\": null, \"latest_revision_created_at\": null, \"live_revision\": null}", "approved_go_live_at": null}}, {"model": "wagtailcore.pagerevision", "pk": 17, "fields": {"page": 17, "submitted_for_moderation": false, "created_at": "2019-06-08T20:37:17.031Z", "user": 1, "content_json": "{\"pk\": 17, \"path\": \"00010001000300040001\", \"depth\": 5, \"numchild\": 0, \"title\": \"Timeless\", \"draft_title\": \"Timeless\", \"slug\": \"timeless\", \"content_type\": 57, \"live\": true, \"has_unpublished_changes\": false, \"url_path\": \"/welcome/facets/time-period/timeless/\", \"owner\": 1, \"seo_title\": \"\", \"show_in_menus\": false, \"search_description\": \"\", \"go_live_at\": null, \"expire_at\": null, \"expired\": false, \"locked\": false, \"first_published_at\": null, \"last_published_at\": null, \"latest_revision_created_at\": null, \"live_revision\": null}", "approved_go_live_at": null}}, {"model": "wagtailcore.pagerevision", "pk": 18, "fields": {"page": 18, "submitted_for_moderation": false, "created_at": "2019-06-08T20:37:30.435Z", "user": 1, "content_json": "{\"pk\": 18, \"path\": \"00010001000300030001\", \"depth\": 5, \"numchild\": 0, \"title\": \"Audio\", \"draft_title\": \"Audio\", \"slug\": \"audio\", \"content_type\": 64, \"live\": true, \"has_unpublished_changes\": false, \"url_path\": \"/welcome/facets/medium/audio/\", \"owner\": 1, \"seo_title\": \"\", \"show_in_menus\": false, \"search_description\": \"\", \"go_live_at\": null, \"expire_at\": null, \"expired\": false, \"locked\": false, \"first_published_at\": null, \"last_published_at\": null, \"latest_revision_created_at\": null, \"live_revision\": null}", "approved_go_live_at": null}}, {"model": "wagtailcore.pagerevision", "pk": 19, "fields": {"page": 19, "submitted_for_moderation": false, "created_at": "2019-06-08T20:37:40.558Z", "user": 1, "content_json": "{\"pk\": 19, \"path\": \"00010001000300010001\", \"depth\": 5, \"numchild\": 0, \"title\": \"Intergenerational\", \"draft_title\": \"Intergenerational\", \"slug\": \"intergenerational\", \"content_type\": 54, \"live\": true, \"has_unpublished_changes\": false, \"url_path\": \"/welcome/facets/audience/intergenerational/\", \"owner\": 1, \"seo_title\": \"\", \"show_in_menus\": false, \"search_description\": \"\", \"go_live_at\": null, \"expire_at\": null, \"expired\": false, \"locked\": false, \"first_published_at\": null, \"last_published_at\": null, \"latest_revision_created_at\": null, \"live_revision\": null}", "approved_go_live_at": null}}, {"model": "wagtailcore.pagerevision", "pk": 20, "fields": {"page": 20, "submitted_for_moderation": false, "created_at": "2019-06-08T20:38:26.772Z", "user": 1, "content_json": "{\"pk\": 20, \"path\": \"0001000100020001\", \"depth\": 4, \"numchild\": 0, \"title\": \"Test item\", \"draft_title\": \"Test item\", \"slug\": \"test-item\", \"content_type\": 21, \"live\": true, \"has_unpublished_changes\": false, \"url_path\": \"/welcome/library/test-item/\", \"owner\": 1, \"seo_title\": \"\", \"show_in_menus\": false, \"search_description\": \"\", \"go_live_at\": null, \"expire_at\": null, \"expired\": false, \"locked\": false, \"first_published_at\": null, \"last_published_at\": null, \"latest_revision_created_at\": null, \"live_revision\": null, \"publication_date\": \"2019-06-01\", \"body\": \"[{\\\"type\\\": \\\"paragraph\\\", \\\"value\\\": \\\"<p>Body text</p>\\\", \\\"id\\\": \\\"1e5a752a-767f-4be1-8bf7-949bb47093cc\\\"}]\", \"item_audience\": 19, \"item_genre\": 16, \"item_medium\": 18, \"item_time_period\": 17, \"authors\": [{\"pk\": 1, \"sort_order\": 0, \"library_item\": 20, \"author\": 6}], \"topics\": [{\"pk\": 1, \"sort_order\": 0, \"library_item\": 20, \"topic\": 14}]}", "approved_go_live_at": null}}, {"model": "wagtailcore.pagerevision", "pk": 21, "fields": {"page": 21, "submitted_for_moderation": false, "created_at": "2019-06-08T21:21:19.308Z", "user": 1, "content_json": "{\"pk\": 21, \"path\": \"000100010004\", \"depth\": 3, \"numchild\": 0, \"title\": \"Events\", \"draft_title\": \"Events\", \"slug\": \"events\", \"content_type\": 17, \"live\": true, \"has_unpublished_changes\": false, \"url_path\": \"/welcome/events/\", \"owner\": 1, \"seo_title\": \"\", \"show_in_menus\": false, \"search_description\": \"\", \"go_live_at\": null, \"expire_at\": null, \"expired\": false, \"locked\": false, \"first_published_at\": null, \"last_published_at\": null, \"latest_revision_created_at\": null, \"live_revision\": null, \"intro\": \"<p>Introduction text.</p>\"}", "approved_go_live_at": null}}, {"model": "wagtailcore.pagerevision", "pk": 22, "fields": {"page": 22, "submitted_for_moderation": false, "created_at": "2019-06-08T21:21:40.043Z", "user": 1, "content_json": "{\"pk\": 22, \"path\": \"000100010005\", \"depth\": 3, \"numchild\": 0, \"title\": \"Departments\", \"draft_title\": \"Departments\", \"slug\": \"departments\", \"content_type\": 26, \"live\": true, \"has_unpublished_changes\": false, \"url_path\": \"/welcome/departments/\", \"owner\": 1, \"seo_title\": \"\", \"show_in_menus\": false, \"search_description\": \"\", \"go_live_at\": null, \"expire_at\": null, \"expired\": false, \"locked\": false, \"first_published_at\": null, \"last_published_at\": null, \"latest_revision_created_at\": null, \"live_revision\": null, \"intro\": \"<p>Introduction text.</p>\"}", "approved_go_live_at": null}}, {"model": "wagtailcore.pagerevision", "pk": 23, "fields": {"page": 23, "submitted_for_moderation": false, "created_at": "2019-06-08T21:21:53.524Z", "user": 1, "content_json": "{\"pk\": 23, \"path\": \"000100010006\", \"depth\": 3, \"numchild\": 0, \"title\": \"Magazine\", \"draft_title\": \"Magazine\", \"slug\": \"magazine\", \"content_type\": 27, \"live\": true, \"has_unpublished_changes\": false, \"url_path\": \"/welcome/magazine/\", \"owner\": 1, \"seo_title\": \"\", \"show_in_menus\": false, \"search_description\": \"\", \"go_live_at\": null, \"expire_at\": null, \"expired\": false, \"locked\": false, \"first_published_at\": null, \"last_published_at\": null, \"latest_revision_created_at\": null, \"live_revision\": null, \"intro\": \"<p>Introduction text.</p>\"}", "approved_go_live_at": null}}, {"model": "wagtailcore.pagerevision", "pk": 24, "fields": {"page": 24, "submitted_for_moderation": false, "created_at": "2019-06-08T21:22:00.402Z", "user": 1, "content_json": "{\"pk\": 24, \"path\": \"000100010007\", \"depth\": 3, \"numchild\": 0, \"title\": \"Tags\", \"draft_title\": \"Tags\", \"slug\": \"tags\", \"content_type\": 30, \"live\": true, \"has_unpublished_changes\": false, \"url_path\": \"/welcome/tags/\", \"owner\": 1, \"seo_title\": \"\", \"show_in_menus\": false, \"search_description\": \"\", \"go_live_at\": null, \"expire_at\": null, \"expired\": false, \"locked\": false, \"first_published_at\": null, \"last_published_at\": null, \"latest_revision_created_at\": null, \"live_revision\": null}", "approved_go_live_at": null}}, {"model": "wagtailcore.pagerevision", "pk": 25, "fields": {"page": 25, "submitted_for_moderation": false, "created_at": "2019-06-08T21:22:11.758Z", "user": 1, "content_json": "{\"pk\": 25, \"path\": \"00010001000100010002\", \"depth\": 5, \"numchild\": 0, \"title\": \"Mary Klein\", \"draft_title\": \"Mary Klein\", \"slug\": \"mary-klein\", \"content_type\": 12, \"live\": true, \"has_unpublished_changes\": false, \"url_path\": \"/welcome/community/people/mary-klein/\", \"owner\": 1, \"seo_title\": \"\", \"show_in_menus\": false, \"search_description\": \"\", \"go_live_at\": null, \"expire_at\": null, \"expired\": false, \"locked\": false, \"first_published_at\": null, \"last_published_at\": null, \"latest_revision_created_at\": null, \"live_revision\": null, \"given_name\": \"Mary\", \"family_name\": \"Klein\"}", "approved_go_live_at": null}}, {"model": "wagtailcore.pagerevision", "pk": 26, "fields": {"page": 26, "submitted_for_moderation": false, "created_at": "2019-06-08T21:22:36.892Z", "user": 1, "content_json": "{\"pk\": 26, \"path\": \"0001000100010002\", \"depth\": 4, \"numchild\": 0, \"title\": \"Community\", \"draft_title\": \"Community\", \"slug\": \"community\", \"content_type\": 9, \"live\": true, \"has_unpublished_changes\": false, \"url_path\": \"/welcome/community/community/\", \"owner\": 1, \"seo_title\": \"\", \"show_in_menus\": false, \"search_description\": \"\", \"go_live_at\": null, \"expire_at\": null, \"expired\": false, \"locked\": false, \"first_published_at\": null, \"last_published_at\": null, \"latest_revision_created_at\": null, \"live_revision\": null, \"intro\": \"<p>Introduction text.</p>\"}", "approved_go_live_at": null}}, {"model": "wagtailcore.pagerevision", "pk": 27, "fields": {"page": 27, "submitted_for_moderation": false, "created_at": "2019-06-08T21:22:47.846Z", "user": 1, "content_json": "{\"pk\": 27, \"path\": \"0001000100010003\", \"depth\": 4, \"numchild\": 0, \"title\": \"Meetings\", \"draft_title\": \"Meetings\", \"slug\": \"meetings\", \"content_type\": 14, \"live\": true, \"has_unpublished_changes\": false, \"url_path\": \"/welcome/community/meetings/\", \"owner\": 1, \"seo_title\": \"\", \"show_in_menus\": false, \"search_description\": \"\", \"go_live_at\": null, \"expire_at\": null, \"expired\": false, \"locked\": false, \"first_published_at\": null, \"last_published_at\": null, \"latest_revision_created_at\": null, \"live_revision\": null}", "approved_go_live_at": null}}, {"model": "wagtailcore.pagerevision", "pk": 28, "fields": {"page": 28, "submitted_for_moderation": false, "created_at": "2019-06-08T21:22:58.497Z", "user": 1, "content_json": "{\"pk\": 28, \"path\": \"0001000100010004\", \"depth\": 4, \"numchild\": 0, \"title\": \"Online Worship\", \"draft_title\": \"Online Worship\", \"slug\": \"online-worship\", \"content_type\": 7, \"live\": true, \"has_unpublished_changes\": false, \"url_path\": \"/welcome/community/online-worship/\", \"owner\": 1, \"seo_title\": \"\", \"show_in_menus\": false, \"search_description\": \"\", \"go_live_at\": null, \"expire_at\": null, \"expired\": false, \"locked\": false, \"first_published_at\": null, \"last_published_at\": null, \"latest_revision_created_at\": null, \"live_revision\": null, \"intro\": \"<p>Introduction text.</p>\"}", "approved_go_live_at": null}}, {"model": "wagtailcore.pagerevision", "pk": 29, "fields": {"page": 29, "submitted_for_moderation": false, "created_at": "2019-06-08T21:23:15.058Z", "user": 1, "content_json": "{\"pk\": 29, \"path\": \"0001000100010005\", \"depth\": 4, \"numchild\": 0, \"title\": \"Organizations\", \"draft_title\": \"Organizations\", \"slug\": \"organizations\", \"content_type\": 13, \"live\": true, \"has_unpublished_changes\": false, \"url_path\": \"/welcome/community/organizations/\", \"owner\": 1, \"seo_title\": \"\", \"show_in_menus\": false, \"search_description\": \"\", \"go_live_at\": null, \"expire_at\": null, \"expired\": false, \"locked\": false, \"first_published_at\": null, \"last_published_at\": null, \"latest_revision_created_at\": null, \"live_revision\": null, \"body\": \"[{\\\"type\\\": \\\"paragraph\\\", \\\"value\\\": \\\"<p>Introduction text.</p>\\\", \\\"id\\\": \\\"53f088c1-b87d-4342-ba8c-8e52cb5fc052\\\"}]\"}", "approved_go_live_at": null}}, {"model": "wagtailcore.pagerevision", "pk": 30, "fields": {"page": 30, "submitted_for_moderation": false, "created_at": "2019-06-08T21:27:11.077Z", "user": 1, "content_json": "{\"pk\": 30, \"path\": \"00010001000100050001\", \"depth\": 5, \"numchild\": 0, \"title\": \"Afghan Refugee Girls' Primary Schools\", \"draft_title\": \"Afghan Refugee Girls' Primary Schools\", \"slug\": \"afghan-refugee-girls-primary-schools\", \"content_type\": 11, \"live\": true, \"has_unpublished_changes\": false, \"url_path\": \"/welcome/community/organizations/afghan-refugee-girls-primary-schools/\", \"owner\": 1, \"seo_title\": \"\", \"show_in_menus\": false, \"search_description\": \"\", \"go_live_at\": null, \"expire_at\": null, \"expired\": false, \"locked\": false, \"first_published_at\": null, \"last_published_at\": null, \"latest_revision_created_at\": null, \"live_revision\": null, \"description\": null, \"website\": \"http://www.afghangirlsschool.org/\"}", "approved_go_live_at": null}}, {"model": "wagtailcore.pagerevision", "pk": 31, "fields": {"page": 31, "submitted_for_moderation": false, "created_at": "2019-06-08T21:27:30.582Z", "user": 1, "content_json": "{\"pk\": 31, \"path\": \"00010001000100050002\", \"depth\": 5, \"numchild\": 0, \"title\": \"AFSC Portland, OR\", \"draft_title\": \"AFSC Portland, OR\", \"slug\": \"afsc-portland-or\", \"content_type\": 11, \"live\": true, \"has_unpublished_changes\": false, \"url_path\": \"/welcome/community/organizations/afsc-portland-or/\", \"owner\": 1, \"seo_title\": \"\", \"show_in_menus\": false, \"search_description\": \"\", \"go_live_at\": null, \"expire_at\": null, \"expired\": false, \"locked\": false, \"first_published_at\": null, \"last_published_at\": null, \"latest_revision_created_at\": null, \"live_revision\": null, \"description\": null, \"website\": \"https://www.afsc.org/office/portland-or\"}", "approved_go_live_at": null}}, {"model": "wagtailcore.pagerevision", "pk": 32, "fields": {"page": 32, "submitted_for_moderation": false, "created_at": "2019-06-08T21:27:45.455Z", "user": 1, "content_json": "{\"pk\": 32, \"path\": \"00010001000100050003\", \"depth\": 5, \"numchild\": 0, \"title\": \"Ben Lomond Quaker Center\", \"draft_title\": \"Ben Lomond Quaker Center\", \"slug\": \"ben-lomond-quaker-center\", \"content_type\": 11, \"live\": true, \"has_unpublished_changes\": false, \"url_path\": \"/welcome/community/organizations/ben-lomond-quaker-center/\", \"owner\": 1, \"seo_title\": \"\", \"show_in_menus\": false, \"search_description\": \"\", \"go_live_at\": null, \"expire_at\": null, \"expired\": false, \"locked\": false, \"first_published_at\": null, \"last_published_at\": null, \"latest_revision_created_at\": null, \"live_revision\": null, \"description\": null, \"website\": \"http://www.quakercenter.org/\"}", "approved_go_live_at": null}}, {"model": "wagtailcore.pagerevision", "pk": 33, "fields": {"page": 33, "submitted_for_moderation": false, "created_at": "2019-06-08T21:28:37.399Z", "user": 1, "content_json": "{\"pk\": 33, \"path\": \"00010001000100030001\", \"depth\": 5, \"numchild\": 0, \"title\": \"Intermountain Yearly Meeting\", \"draft_title\": \"Intermountain Yearly Meeting\", \"slug\": \"intermountain-yearly-meeting\", \"content_type\": 10, \"live\": true, \"has_unpublished_changes\": false, \"url_path\": \"/welcome/community/meetings/intermountain-yearly-meeting/\", \"owner\": 1, \"seo_title\": \"\", \"show_in_menus\": false, \"search_description\": \"\", \"go_live_at\": null, \"expire_at\": null, \"expired\": false, \"locked\": false, \"first_published_at\": null, \"last_published_at\": null, \"latest_revision_created_at\": null, \"live_revision\": null, \"meeting_type\": \"yearly_meeting\", \"description\": \"Listing of Quaker communities in AZ, CO, ID, NM, TX, UT, & WY\", \"website\": \"http://imym.org/\"}", "approved_go_live_at": null}}, {"model": "wagtailcore.pagerevision", "pk": 34, "fields": {"page": 34, "submitted_for_moderation": false, "created_at": "2019-06-08T21:29:22.573Z", "user": 1, "content_json": "{\"pk\": 34, \"path\": \"00010001000100030002\", \"depth\": 5, \"numchild\": 0, \"title\": \"North Pacific Yearly Meeting\", \"draft_title\": \"North Pacific Yearly Meeting\", \"slug\": \"north-pacific-yearly-meeting\", \"content_type\": 10, \"live\": true, \"has_unpublished_changes\": false, \"url_path\": \"/welcome/community/meetings/north-pacific-yearly-meeting/\", \"owner\": 1, \"seo_title\": \"\", \"show_in_menus\": false, \"search_description\": \"\", \"go_live_at\": null, \"expire_at\": null, \"expired\": false, \"locked\": false, \"first_published_at\": null, \"last_published_at\": null, \"latest_revision_created_at\": null, \"live_revision\": null, \"meeting_type\": \"yearly_meeting\", \"description\": \"North Pacific Yearly Meeting consists of Montana Gathering of Friends, Pacific Northwest Quarterly Meeting, and Willamette Quarterly Meeting.\", \"website\": \"http://npym.org/\"}", "approved_go_live_at": null}}, {"model": "wagtailcore.pagerevision", "pk": 35, "fields": {"page": 35, "submitted_for_moderation": false, "created_at": "2019-06-08T21:29:53.944Z", "user": 1, "content_json": "{\"pk\": 35, \"path\": \"00010001000100030003\", \"depth\": 5, \"numchild\": 0, \"title\": \"Pacific Yearly Meeting\", \"draft_title\": \"Pacific Yearly Meeting\", \"slug\": \"pacific-yearly-meeting\", \"content_type\": 10, \"live\": true, \"has_unpublished_changes\": false, \"url_path\": \"/welcome/community/meetings/pacific-yearly-meeting/\", \"owner\": 1, \"seo_title\": \"\", \"show_in_menus\": false, \"search_description\": \"\", \"go_live_at\": null, \"expire_at\": null, \"expired\": false, \"locked\": false, \"first_published_at\": null, \"last_published_at\": null, \"latest_revision_created_at\": null, \"live_revision\": null, \"meeting_type\": \"yearly_meeting\", \"description\": \"Pacific Yearly Meeting consists of College Park Quarterly Meeting and Southern California Quarterly Meeting, as well as monthly meetings in Hawaii and Mexico.\", \"website\": \"http://pacificyearlymeeting.org/\"}", "approved_go_live_at": null}}, {"model": "wagtailcore.pagerevision", "pk": 36, "fields": {"page": 33, "submitted_for_moderation": false, "created_at": "2019-06-08T21:30:48.717Z", "user": 1, "content_json": "{\"pk\": 33, \"path\": \"00010001000100030001\", \"depth\": 5, \"numchild\": 0, \"title\": \"Intermountain Yearly Meeting\", \"draft_title\": \"Intermountain Yearly Meeting\", \"slug\": \"intermountain-yearly-meeting\", \"content_type\": 10, \"live\": true, \"has_unpublished_changes\": false, \"url_path\": \"/welcome/community/meetings/intermountain-yearly-meeting/\", \"owner\": 1, \"seo_title\": \"\", \"show_in_menus\": false, \"search_description\": \"\", \"go_live_at\": null, \"expire_at\": null, \"expired\": false, \"locked\": false, \"first_published_at\": \"2019-06-08T21:28:37.457Z\", \"last_published_at\": \"2019-06-08T21:28:37.457Z\", \"latest_revision_created_at\": \"2019-06-08T21:28:37.399Z\", \"live_revision\": 33, \"meeting_type\": \"yearly_meeting\", \"description\": \"Intermountain Yearly Meeting consists of Arizona Half Yearly Meeting, Colorado Regional Meeting, and New Mexico Regional Meeting.\", \"website\": \"http://imym.org/\"}", "approved_go_live_at": null}}, {"model": "wagtailcore.pagerevision", "pk": 37, "fields": {"page": 4, "submitted_for_moderation": false, "created_at": "2019-06-08T21:32:08.689Z", "user": 1, "content_json": "{\"pk\": 4, \"path\": \"000100010001\", \"depth\": 3, \"numchild\": 5, \"title\": \"Community\", \"draft_title\": \"Community\", \"slug\": \"community\", \"content_type\": 5, \"live\": true, \"has_unpublished_changes\": false, \"url_path\": \"/welcome/community/\", \"owner\": 1, \"seo_title\": \"\", \"show_in_menus\": false, \"search_description\": \"\", \"go_live_at\": null, \"expire_at\": null, \"expired\": false, \"locked\": false, \"first_published_at\": \"2019-06-08T20:31:07.029Z\", \"last_published_at\": \"2019-06-08T20:31:07.029Z\", \"latest_revision_created_at\": \"2019-06-08T20:31:06.993Z\", \"live_revision\": 2, \"body\": \"[{\\\"type\\\": \\\"heading\\\", \\\"value\\\": \\\"Community Directory\\\", \\\"id\\\": \\\"bd49d67d-7e87-4824-9d4e-a59ab92e74b4\\\"}, {\\\"type\\\": \\\"card_row\\\", \\\"value\\\": [{\\\"page\\\": 33, \\\"text\\\": \\\"Listing of Quaker communities in AZ, CO, ID, NM, TX, UT, & WY\\\"}, {\\\"page\\\": 34, \\\"text\\\": \\\"Listing of Quaker communities in ID, MT, OR, & WA\\\"}, {\\\"page\\\": 35, \\\"text\\\": \\\"Listing of Quaker communities in CA, HI, NV, and Mexico City.\\\"}], \\\"id\\\": \\\"4e3d6fac-cd55-4e41-ba7a-a6f04b1a3a70\\\"}]\"}", "approved_go_live_at": null}}, {"model": "wagtailcore.pagerevision", "pk": 38, "fields": {"page": 4, "submitted_for_moderation": false, "created_at": "2019-06-08T21:33:35.127Z", "user": 1, "content_json": "{\"pk\": 4, \"path\": \"000100010001\", \"depth\": 3, \"numchild\": 5, \"title\": \"Community\", \"draft_title\": \"Community\", \"slug\": \"community\", \"content_type\": 5, \"live\": true, \"has_unpublished_changes\": false, \"url_path\": \"/welcome/community/\", \"owner\": 1, \"seo_title\": \"\", \"show_in_menus\": false, \"search_description\": \"\", \"go_live_at\": null, \"expire_at\": null, \"expired\": false, \"locked\": false, \"first_published_at\": \"2019-06-08T20:31:07.029Z\", \"last_published_at\": \"2019-06-08T21:32:08.806Z\", \"latest_revision_created_at\": \"2019-06-08T21:32:08.689Z\", \"live_revision\": 37, \"body\": \"[{\\\"type\\\": \\\"heading\\\", \\\"value\\\": \\\"Community Directory\\\", \\\"id\\\": \\\"bd49d67d-7e87-4824-9d4e-a59ab92e74b4\\\"}, {\\\"type\\\": \\\"card_row\\\", \\\"value\\\": [{\\\"page\\\": 33, \\\"text\\\": \\\"Listing of Quaker communities in AZ, CO, ID, NM, TX, UT, & WY\\\"}, {\\\"page\\\": 34, \\\"text\\\": \\\"Listing of Quaker communities in ID, MT, OR, & WA\\\"}, {\\\"page\\\": 35, \\\"text\\\": \\\"Listing of Quaker communities in CA, HI, NV, and Mexico City.\\\"}], \\\"id\\\": \\\"4e3d6fac-cd55-4e41-ba7a-a6f04b1a3a70\\\"}, {\\\"type\\\": \\\"card_row\\\", \\\"value\\\": [{\\\"page\\\": 29, \\\"text\\\": \\\"A listing of Quaker nonprofit organizations that serve the Western US.\\\"}, {\\\"page\\\": 28, \\\"text\\\": \\\"Sites online for Quaker worship, fellowship, and education.\\\"}], \\\"id\\\": \\\"e931a87c-cd45-41fe-9259-67369addd52b\\\"}]\"}", "approved_go_live_at": null}}, {"model": "wagtailcore.pagerevision", "pk": 39, "fields": {"page": 26, "submitted_for_moderation": false, "created_at": "2019-06-08T21:34:08.257Z", "user": 1, "content_json": "{\"pk\": 26, \"path\": \"0001000100010002\", \"depth\": 4, \"numchild\": 0, \"title\": \"Friends Everywhere\", \"draft_title\": \"Community\", \"slug\": \"community\", \"content_type\": 9, \"live\": true, \"has_unpublished_changes\": false, \"url_path\": \"/welcome/community/community/\", \"owner\": 1, \"seo_title\": \"\", \"show_in_menus\": false, \"search_description\": \"\", \"go_live_at\": null, \"expire_at\": null, \"expired\": false, \"locked\": false, \"first_published_at\": \"2019-06-08T21:22:36.932Z\", \"last_published_at\": \"2019-06-08T21:22:36.932Z\", \"latest_revision_created_at\": \"2019-06-08T21:22:36.892Z\", \"live_revision\": 26, \"intro\": \"<p>Introduction text.</p>\"}", "approved_go_live_at": null}}, {"model": "wagtailcore.pagerevision", "pk": 40, "fields": {"page": 26, "submitted_for_moderation": false, "created_at": "2019-06-08T21:34:38.883Z", "user": 1, "content_json": "{\"pk\": 26, \"path\": \"0001000100010002\", \"depth\": 4, \"numchild\": 0, \"title\": \"Quaker Directories\", \"draft_title\": \"Friends Everywhere\", \"slug\": \"community\", \"content_type\": 9, \"live\": true, \"has_unpublished_changes\": false, \"url_path\": \"/welcome/community/community/\", \"owner\": 1, \"seo_title\": \"\", \"show_in_menus\": false, \"search_description\": \"\", \"go_live_at\": null, \"expire_at\": null, \"expired\": false, \"locked\": false, \"first_published_at\": \"2019-06-08T21:22:36.932Z\", \"last_published_at\": \"2019-06-08T21:34:08.309Z\", \"latest_revision_created_at\": \"2019-06-08T21:34:08.257Z\", \"live_revision\": 39, \"intro\": \"<p>Introduction text.</p>\"}", "approved_go_live_at": null}}, {"model": "wagtailcore.pagerevision", "pk": 41, "fields": {"page": 4, "submitted_for_moderation": false, "created_at": "2019-06-08T21:34:59.601Z", "user": 1, "content_json": "{\"pk\": 4, \"path\": \"000100010001\", \"depth\": 3, \"numchild\": 5, \"title\": \"Community\", \"draft_title\": \"Community\", \"slug\": \"community\", \"content_type\": 5, \"live\": true, \"has_unpublished_changes\": false, \"url_path\": \"/welcome/community/\", \"owner\": 1, \"seo_title\": \"\", \"show_in_menus\": false, \"search_description\": \"\", \"go_live_at\": null, \"expire_at\": null, \"expired\": false, \"locked\": false, \"first_published_at\": \"2019-06-08T20:31:07.029Z\", \"last_published_at\": \"2019-06-08T21:33:35.168Z\", \"latest_revision_created_at\": \"2019-06-08T21:33:35.127Z\", \"live_revision\": 38, \"body\": \"[{\\\"type\\\": \\\"heading\\\", \\\"value\\\": \\\"Community Directory\\\", \\\"id\\\": \\\"bd49d67d-7e87-4824-9d4e-a59ab92e74b4\\\"}, {\\\"type\\\": \\\"card_row\\\", \\\"value\\\": [{\\\"page\\\": 33, \\\"text\\\": \\\"Listing of Quaker communities in AZ, CO, ID, NM, TX, UT, & WY\\\"}, {\\\"page\\\": 34, \\\"text\\\": \\\"Listing of Quaker communities in ID, MT, OR, & WA\\\"}, {\\\"page\\\": 35, \\\"text\\\": \\\"Listing of Quaker communities in CA, HI, NV, and Mexico City.\\\"}], \\\"id\\\": \\\"4e3d6fac-cd55-4e41-ba7a-a6f04b1a3a70\\\"}, {\\\"type\\\": \\\"card_row\\\", \\\"value\\\": [{\\\"page\\\": 29, \\\"text\\\": \\\"A listing of Quaker nonprofit organizations that serve the Western US.\\\"}, {\\\"page\\\": 28, \\\"text\\\": \\\"Sites online for Quaker worship, fellowship, and education.\\\"}, {\\\"page\\\": 26, \\\"text\\\": \\\"Sites online to locate Quaker meetings throughout the world.\\\"}], \\\"id\\\": \\\"e931a87c-cd45-41fe-9259-67369addd52b\\\"}]\"}", "approved_go_live_at": null}}, {"model": "wagtailcore.pagerevision", "pk": 42, "fields": {"page": 36, "submitted_for_moderation": false, "created_at": "2019-06-08T21:36:57.633Z", "user": 1, "content_json": "{\"pk\": 36, \"path\": \"00010001000100020001\", \"depth\": 5, \"numchild\": 0, \"title\": \"FGC Quaker Finder\", \"draft_title\": \"FGC Quaker Finder\", \"slug\": \"fgc-quaker-finder\", \"content_type\": 8, \"live\": true, \"has_unpublished_changes\": false, \"url_path\": \"/welcome/community/community/fgc-quaker-finder/\", \"owner\": 1, \"seo_title\": \"\", \"show_in_menus\": false, \"search_description\": \"\", \"go_live_at\": null, \"expire_at\": null, \"expired\": false, \"locked\": false, \"first_published_at\": null, \"last_published_at\": null, \"latest_revision_created_at\": null, \"live_revision\": null, \"description\": \"<p>Map and contact information about Quakers affiliated with Friends General Conference</p>\", \"website\": \"https://www.fgcquaker.org/connect/quaker-finder\"}", "approved_go_live_at": null}}, {"model": "wagtailcore.pagerevision", "pk": 43, "fields": {"page": 37, "submitted_for_moderation": false, "created_at": "2019-06-08T21:37:44.617Z", "user": 1, "content_json": "{\"pk\": 37, \"path\": \"00010001000100040001\", \"depth\": 5, \"numchild\": 0, \"title\": \"Western Friend  (You are here!)\", \"draft_title\": \"Western Friend  (You are here!)\", \"slug\": \"western-friend-you-are-here\", \"content_type\": 6, \"live\": true, \"has_unpublished_changes\": false, \"url_path\": \"/welcome/community/online-worship/western-friend-you-are-here/\", \"owner\": 1, \"seo_title\": \"\", \"show_in_menus\": false, \"search_description\": \"\", \"go_live_at\": null, \"expire_at\": null, \"expired\": false, \"locked\": false, \"first_published_at\": null, \"last_published_at\": null, \"latest_revision_created_at\": null, \"live_revision\": null, \"description\": \"<p>Weekly online lunch-hour worship hosted by <i>Western Friend.</i> Sign in as a &quot;guest,&quot; using your own name. Arrive when you can; depart when you must.</p>\", \"times_of_worship\": \"<p>Thursdays from 11:30 AM - 12:30 PM Pacific Time</p>\", \"website\": \"https://zoom.us/j/101620422\"}", "approved_go_live_at": null}}, {"model": "wagtailcore.pagerevision", "pk": 44, "fields": {"page": 38, "submitted_for_moderation": false, "created_at": "2019-06-08T21:38:11.737Z", "user": 1, "content_json": "{\"pk\": 38, \"path\": \"00010001000100040002\", \"depth\": 5, \"numchild\": 0, \"title\": \"Ben Lomond Quaker Center\", \"draft_title\": \"Ben Lomond Quaker Center\", \"slug\": \"ben-lomond-quaker-center\", \"content_type\": 6, \"live\": true, \"has_unpublished_changes\": false, \"url_path\": \"/welcome/community/online-worship/ben-lomond-quaker-center/\", \"owner\": 1, \"seo_title\": \"\", \"show_in_menus\": false, \"search_description\": \"\", \"go_live_at\": null, \"expire_at\": null, \"expired\": false, \"locked\": false, \"first_published_at\": null, \"last_published_at\": null, \"latest_revision_created_at\": null, \"live_revision\": null, \"description\": \"<p>Daily online worship hosted by a Northern California Quaker center which also hosts residential retreats and conferences.</p>\", \"times_of_worship\": \"<p>Daily at 7:30-8:00 AM Pacific Time</p>\", \"website\": \"http://www.quakercenter.org/meeting-for-worship/\"}", "approved_go_live_at": null}}, {"model": "wagtailcore.pagerevision", "pk": 45, "fields": {"page": 29, "submitted_for_moderation": false, "created_at": "2019-06-08T21:39:10.030Z", "user": 1, "content_json": "{\"pk\": 29, \"path\": \"0001000100010005\", \"depth\": 4, \"numchild\": 3, \"title\": \"Organizations\", \"draft_title\": \"Organizations\", \"slug\": \"organizations\", \"content_type\": 13, \"live\": true, \"has_unpublished_changes\": false, \"url_path\": \"/welcome/community/organizations/\", \"owner\": 1, \"seo_title\": \"\", \"show_in_menus\": false, \"search_description\": \"\", \"go_live_at\": null, \"expire_at\": null, \"expired\": false, \"locked\": false, \"first_published_at\": \"2019-06-08T21:23:15.093Z\", \"last_published_at\": \"2019-06-08T21:23:15.093Z\", \"latest_revision_created_at\": \"2019-06-08T21:23:15.058Z\", \"live_revision\": 29, \"body\": \"[{\\\"type\\\": \\\"paragraph\\\", \\\"value\\\": \\\"<p>Introduction text.</p>\\\", \\\"id\\\": \\\"53f088c1-b87d-4342-ba8c-8e52cb5fc052\\\"}, {\\\"type\\\": \\\"organizations\\\", \\\"value\\\": {}, \\\"id\\\": \\\"36fe548f-ebe0-4b59-a305-4ffc75da7f1b\\\"}]\"}", "approved_go_live_at": null}}, {"model": "wagtailcore.pagerevision", "pk": 46, "fields": {"page": 39, "submitted_for_moderation": false, "created_at": "2019-06-08T21:41:07.674Z", "user": 1, "content_json": "{\"pk\": 39, \"path\": \"0001000100060001\", \"depth\": 4, \"numchild\": 0, \"title\": \"On Puzzles\", \"draft_title\": \"On Puzzles\", \"slug\": \"puzzles\", \"content_type\": 28, \"live\": true, \"has_unpublished_changes\": false, \"url_path\": \"/welcome/magazine/puzzles/\", \"owner\": 1, \"seo_title\": \"\", \"show_in_menus\": false, \"search_description\": \"\", \"go_live_at\": null, \"expire_at\": null, \"expired\": false, \"locked\": false, \"first_published_at\": null, \"last_published_at\": null, \"latest_revision_created_at\": null, \"live_revision\": null, \"cover_image\": 1, \"publication_date\": \"2019-05-01\", \"featured_articles\": []}", "approved_go_live_at": null}}, {"model": "wagtailcore.pagerevision", "pk": 47, "fields": {"page": 40, "submitted_for_moderation": false, "created_at": "2019-06-08T21:42:03.621Z", "user": 1, "content_json": "{\"pk\": 40, \"path\": \"0001000100050001\", \"depth\": 4, \"numchild\": 0, \"title\": \"Editorials\", \"draft_title\": \"Editorials\", \"slug\": \"editorials\", \"content_type\": 25, \"live\": true, \"has_unpublished_changes\": false, \"url_path\": \"/welcome/departments/editorials/\", \"owner\": 1, \"seo_title\": \"\", \"show_in_menus\": false, \"search_description\": \"\", \"go_live_at\": null, \"expire_at\": null, \"expired\": false, \"locked\": false, \"first_published_at\": null, \"last_published_at\": null, \"latest_revision_created_at\": null, \"live_revision\": null}", "approved_go_live_at": null}}, {"model": "wagtailcore.pagerevision", "pk": 48, "fields": {"page": 41, "submitted_for_moderation": false, "created_at": "2019-06-08T21:42:19.968Z", "user": 1, "content_json": "{\"pk\": 41, \"path\": \"00010001000600010001\", \"depth\": 5, \"numchild\": 0, \"title\": \"On Puzzles\", \"draft_title\": \"On Puzzles\", \"slug\": \"puzzles\", \"content_type\": 23, \"live\": true, \"has_unpublished_changes\": false, \"url_path\": \"/welcome/magazine/puzzles/puzzles/\", \"owner\": 1, \"seo_title\": \"\", \"show_in_menus\": false, \"search_description\": \"\", \"go_live_at\": null, \"expire_at\": null, \"expired\": false, \"locked\": false, \"first_published_at\": null, \"last_published_at\": null, \"latest_revision_created_at\": null, \"live_revision\": null, \"body\": \"<p>Organelles, cells, organs, organisms, families, cultures, planets \\u2013 these bodies nest within each other in irregular concentricity, one within the next, each encased by its own semi-permeable boundary. In the jigsaw puzzle of incarnation, all the pieces slip and slide, expand and contract, ignite and extinguish, push, pull, infiltrate, and emerge. There, but for the grace of God, go I. Wondrous beings abound all around, in places where I am not.</p>\", \"department\": 40, \"tagged_items\": [], \"authors\": [{\"pk\": 1, \"sort_order\": 0, \"article\": 41, \"author\": 25}]}", "approved_go_live_at": null}}, {"model": "wagtailcore.pagerevision", "pk": 49, "fields": {"page": 41, "submitted_for_moderation": false, "created_at": "2019-06-08T21:47:11.197Z", "user": 1, "content_json": "{\"pk\": 41, \"path\": \"00010001000600010001\", \"depth\": 5, \"numchild\": 0, \"title\": \"On Puzzles\", \"draft_title\": \"On Puzzles\", \"slug\": \"puzzles\", \"content_type\": 23, \"live\": true, \"has_unpublished_changes\": false, \"url_path\": \"/welcome/magazine/puzzles/puzzles/\", \"owner\": 1, \"seo_title\": \"\", \"show_in_menus\": false, \"search_description\": \"\", \"go_live_at\": null, \"expire_at\": null, \"expired\": false, \"locked\": false, \"first_published_at\": \"2019-06-08T21:42:20.019Z\", \"last_published_at\": \"2019-06-08T21:42:20.019Z\", \"latest_revision_created_at\": \"2019-06-08T21:42:19.968Z\", \"live_revision\": 48, \"body\": \"<p>Organelles, cells, organs, organisms, families, cultures, planets \\u2013 these bodies nest within each other in irregular concentricity, one within the next, each encased by its own semi-permeable boundary. In the jigsaw puzzle of incarnation, all the pieces slip and slide, expand and contract, ignite and extinguish, push, pull, infiltrate, and emerge. There, but for the grace of God, go I. Wondrous beings abound all around, in places where I am not.</p>\", \"department\": 40, \"tagged_items\": [{\"pk\": null, \"tag\": 1, \"content_object\": 41}, {\"pk\": null, \"tag\": 2, \"content_object\": 41}, {\"pk\": null, \"tag\": 3, \"content_object\": 41}], \"authors\": [{\"pk\": 1, \"sort_order\": 0, \"article\": 41, \"author\": 25}]}", "approved_go_live_at": null}}, {"model": "wagtailcore.pagerevision", "pk": 50, "fields": {"page": 42, "submitted_for_moderation": false, "created_at": "2019-06-08T21:50:00.943Z", "user": 1, "content_json": "{\"pk\": 42, \"path\": \"0001000100040001\", \"depth\": 4, \"numchild\": 0, \"title\": \"BLQC: Abundance and Justice in our Common Home\", \"draft_title\": \"BLQC: Abundance and Justice in our Common Home\", \"slug\": \"blqc-abundance-and-justice-our-common-home\", \"content_type\": 16, \"live\": true, \"has_unpublished_changes\": false, \"url_path\": \"/welcome/events/blqc-abundance-and-justice-our-common-home/\", \"owner\": 1, \"seo_title\": \"\", \"show_in_menus\": false, \"search_description\": \"\", \"go_live_at\": null, \"expire_at\": null, \"expired\": false, \"locked\": false, \"first_published_at\": null, \"last_published_at\": null, \"latest_revision_created_at\": null, \"live_revision\": null, \"description\": \"<p>With Shelley Tanenbaum and Sara Wolcott: Summoning gardeners and prison justice reformers, mystics and peace advocates for a time of deep listening stemming from our interconnections. Through history, story-telling, and worship-sharing, we seek an ecology of hope, ways of integration and action.</p><p>Location: Ben Lomond Quaker Center, Ben Lomond, CA</p><p>For more information, see: <a href=\\\"http://www.quakercenter.org/programs/\\\">www.quakercenter.org/programs</a></p>\", \"date\": \"2019-05-31T16:00:00Z\", \"website\": \"http://www.quakercenter.org/programs/\"}", "approved_go_live_at": null}}, {"model": "wagtailcore.page", "pk": 1, "fields": {"path": "0001", "depth": 1, "numchild": 1, "title": "Root", "draft_title": "Root", "slug": "root", "content_type": 1, "live": true, "has_unpublished_changes": false, "url_path": "/", "owner": null, "seo_title": "", "show_in_menus": false, "search_description": "", "go_live_at": null, "expire_at": null, "expired": false, "locked": false, "first_published_at": null, "last_published_at": null, "latest_revision_created_at": null, "live_revision": null}}, {"model": "wagtailcore.page", "pk": 3, "fields": {"path": "00010001", "depth": 2, "numchild": 7, "title": "Welcome", "draft_title": "Welcome", "slug": "welcome", "content_type": 18, "live": true, "has_unpublished_changes": false, "url_path": "/welcome/", "owner": 1, "seo_title": "", "show_in_menus": false, "search_description": "", "go_live_at": null, "expire_at": null, "expired": false, "locked": false, "first_published_at": "2019-06-08T20:29:09.261Z", "last_published_at": "2019-06-08T20:29:09.261Z", "latest_revision_created_at": "2019-06-08T20:29:09.195Z", "live_revision": 1}}, {"model": "wagtailcore.page", "pk": 4, "fields": {"path": "000100010001", "depth": 3, "numchild": 5, "title": "Community", "draft_title": "Community", "slug": "community", "content_type": 5, "live": true, "has_unpublished_changes": false, "url_path": "/welcome/community/", "owner": 1, "seo_title": "", "show_in_menus": false, "search_description": "", "go_live_at": null, "expire_at": null, "expired": false, "locked": false, "first_published_at": "2019-06-08T20:31:07.029Z", "last_published_at": "2019-06-08T21:34:59.665Z", "latest_revision_created_at": "2019-06-08T21:34:59.601Z", "live_revision": 41}}, {"model": "wagtailcore.page", "pk": 5, "fields": {"path": "0001000100010001", "depth": 4, "numchild": 2, "title": "People", "draft_title": "People", "slug": "people", "content_type": 15, "live": true, "has_unpublished_changes": false, "url_path": "/welcome/community/people/", "owner": 1, "seo_title": "", "show_in_menus": false, "search_description": "", "go_live_at": null, "expire_at": null, "expired": false, "locked": false, "first_published_at": "2019-06-08T20:31:22.830Z", "last_published_at": "2019-06-08T20:31:22.830Z", "latest_revision_created_at": "2019-06-08T20:31:22.797Z", "live_revision": 3}}, {"model": "wagtailcore.page", "pk": 6, "fields": {"path": "00010001000100010001", "depth": 5, "numchild": 0, "title": "Brylie Oxley", "draft_title": "Brylie Oxley", "slug": "brylie-oxley", "content_type": 12, "live": true, "has_unpublished_changes": false, "url_path": "/welcome/community/people/brylie-oxley/", "owner": 1, "seo_title": "", "show_in_menus": false, "search_description": "", "go_live_at": null, "expire_at": null, "expired": false, "locked": false, "first_published_at": "2019-06-08T20:33:06.559Z", "last_published_at": "2019-06-08T20:33:06.559Z", "latest_revision_created_at": "2019-06-08T20:33:06.525Z", "live_revision": 4}}, {"model": "wagtailcore.page", "pk": 7, "fields": {"path": "000100010002", "depth": 3, "numchild": 1, "title": "Library", "draft_title": "Library", "slug": "library", "content_type": 20, "live": true, "has_unpublished_changes": false, "url_path": "/welcome/library/", "owner": 1, "seo_title": "", "show_in_menus": false, "search_description": "", "go_live_at": null, "expire_at": null, "expired": false, "locked": false, "first_published_at": "2019-06-08T20:34:05.863Z", "last_published_at": "2019-06-08T20:34:05.863Z", "latest_revision_created_at": "2019-06-08T20:34:05.841Z", "live_revision": 5}}, {"model": "wagtailcore.page", "pk": 8, "fields": {"path": "000100010003", "depth": 3, "numchild": 5, "title": "Facets", "draft_title": "Facets", "slug": "facets", "content_type": 61, "live": true, "has_unpublished_changes": false, "url_path": "/welcome/facets/", "owner": 1, "seo_title": "", "show_in_menus": false, "search_description": "", "go_live_at": null, "expire_at": null, "expired": false, "locked": false, "first_published_at": "2019-06-08T20:34:34.996Z", "last_published_at": "2019-06-08T20:34:34.996Z", "latest_revision_created_at": "2019-06-08T20:34:34.955Z", "live_revision": 6}}, {"model": "wagtailcore.page", "pk": 9, "fields": {"path": "0001000100030001", "depth": 4, "numchild": 1, "title": "Audience", "draft_title": "Audience", "slug": "audience", "content_type": 56, "live": true, "has_unpublished_changes": false, "url_path": "/welcome/facets/audience/", "owner": 1, "seo_title": "", "show_in_menus": false, "search_description": "", "go_live_at": null, "expire_at": null, "expired": false, "locked": false, "first_published_at": "2019-06-08T20:34:50.982Z", "last_published_at": "2019-06-08T20:34:50.982Z", "latest_revision_created_at": "2019-06-08T20:34:50.942Z", "live_revision": 7}}, {"model": "wagtailcore.page", "pk": 10, "fields": {"path": "0001000100030002", "depth": 4, "numchild": 1, "title": "Genre", "draft_title": "Genre", "slug": "genre", "content_type": 60, "live": true, "has_unpublished_changes": false, "url_path": "/welcome/facets/genre/", "owner": 1, "seo_title": "", "show_in_menus": false, "search_description": "", "go_live_at": null, "expire_at": null, "expired": false, "locked": false, "first_published_at": "2019-06-08T20:35:01.990Z", "last_published_at": "2019-06-08T20:35:48.496Z", "latest_revision_created_at": "2019-06-08T20:35:48.448Z", "live_revision": 12}}, {"model": "wagtailcore.page", "pk": 11, "fields": {"path": "0001000100030003", "depth": 4, "numchild": 1, "title": "Medium", "draft_title": "Medium", "slug": "medium", "content_type": 59, "live": true, "has_unpublished_changes": false, "url_path": "/welcome/facets/medium/", "owner": 1, "seo_title": "", "show_in_menus": false, "search_description": "", "go_live_at": null, "expire_at": null, "expired": false, "locked": false, "first_published_at": "2019-06-08T20:35:14.203Z", "last_published_at": "2019-06-08T20:35:14.203Z", "latest_revision_created_at": "2019-06-08T20:35:14.126Z", "live_revision": 9}}, {"model": "wagtailcore.page", "pk": 12, "fields": {"path": "0001000100030004", "depth": 4, "numchild": 1, "title": "Time Period", "draft_title": "Time Period", "slug": "time-period", "content_type": 58, "live": true, "has_unpublished_changes": false, "url_path": "/welcome/facets/time-period/", "owner": 1, "seo_title": "", "show_in_menus": false, "search_description": "", "go_live_at": null, "expire_at": null, "expired": false, "locked": false, "first_published_at": "2019-06-08T20:35:29.198Z", "last_published_at": "2019-06-08T20:35:29.198Z", "latest_revision_created_at": "2019-06-08T20:35:29.168Z", "live_revision": 10}}, {"model": "wagtailcore.page", "pk": 13, "fields": {"path": "0001000100030005", "depth": 4, "numchild": 2, "title": "Topic", "draft_title": "Topic", "slug": "topic", "content_type": 55, "live": true, "has_unpublished_changes": false, "url_path": "/welcome/facets/topic/", "owner": 1, "seo_title": "", "show_in_menus": false, "search_description": "", "go_live_at": null, "expire_at": null, "expired": false, "locked": false, "first_published_at": "2019-06-08T20:35:55.022Z", "last_published_at": "2019-06-08T20:35:55.022Z", "latest_revision_created_at": "2019-06-08T20:35:54.991Z", "live_revision": 13}}, {"model": "wagtailcore.page", "pk": 14, "fields": {"path": "00010001000300050001", "depth": 5, "numchild": 0, "title": "Simplicity", "draft_title": "Simplicity", "slug": "simplicity", "content_type": 63, "live": true, "has_unpublished_changes": false, "url_path": "/welcome/facets/topic/simplicity/", "owner": 1, "seo_title": "", "show_in_menus": false, "search_description": "", "go_live_at": null, "expire_at": null, "expired": false, "locked": false, "first_published_at": "2019-06-08T20:36:28.104Z", "last_published_at": "2019-06-08T20:36:28.104Z", "latest_revision_created_at": "2019-06-08T20:36:28.033Z", "live_revision": 14}}, {"model": "wagtailcore.page", "pk": 15, "fields": {"path": "00010001000300050002", "depth": 5, "numchild": 0, "title": "Peace", "draft_title": "Peace", "slug": "peace", "content_type": 63, "live": true, "has_unpublished_changes": false, "url_path": "/welcome/facets/topic/peace/", "owner": 1, "seo_title": "", "show_in_menus": false, "search_description": "", "go_live_at": null, "expire_at": null, "expired": false, "locked": false, "first_published_at": "2019-06-08T20:36:40.081Z", "last_published_at": "2019-06-08T20:36:40.081Z", "latest_revision_created_at": "2019-06-08T20:36:40.013Z", "live_revision": 15}}, {"model": "wagtailcore.page", "pk": 16, "fields": {"path": "00010001000300020001", "depth": 5, "numchild": 0, "title": "Keynote Talk", "draft_title": "Keynote Talk", "slug": "keynote-talk", "content_type": 62, "live": true, "has_unpublished_changes": false, "url_path": "/welcome/facets/genre/keynote-talk/", "owner": 1, "seo_title": "", "show_in_menus": false, "search_description": "", "go_live_at": null, "expire_at": null, "expired": false, "locked": false, "first_published_at": "2019-06-08T20:37:01.182Z", "last_published_at": "2019-06-08T20:37:01.182Z", "latest_revision_created_at": "2019-06-08T20:37:01.104Z", "live_revision": 16}}, {"model": "wagtailcore.page", "pk": 17, "fields": {"path": "00010001000300040001", "depth": 5, "numchild": 0, "title": "Timeless", "draft_title": "Timeless", "slug": "timeless", "content_type": 57, "live": true, "has_unpublished_changes": false, "url_path": "/welcome/facets/time-period/timeless/", "owner": 1, "seo_title": "", "show_in_menus": false, "search_description": "", "go_live_at": null, "expire_at": null, "expired": false, "locked": false, "first_published_at": "2019-06-08T20:37:17.085Z", "last_published_at": "2019-06-08T20:37:17.085Z", "latest_revision_created_at": "2019-06-08T20:37:17.031Z", "live_revision": 17}}, {"model": "wagtailcore.page", "pk": 18, "fields": {"path": "00010001000300030001", "depth": 5, "numchild": 0, "title": "Audio", "draft_title": "Audio", "slug": "audio", "content_type": 64, "live": true, "has_unpublished_changes": false, "url_path": "/welcome/facets/medium/audio/", "owner": 1, "seo_title": "", "show_in_menus": false, "search_description": "", "go_live_at": null, "expire_at": null, "expired": false, "locked": false, "first_published_at": "2019-06-08T20:37:30.477Z", "last_published_at": "2019-06-08T20:37:30.477Z", "latest_revision_created_at": "2019-06-08T20:37:30.435Z", "live_revision": 18}}, {"model": "wagtailcore.page", "pk": 19, "fields": {"path": "00010001000300010001", "depth": 5, "numchild": 0, "title": "Intergenerational", "draft_title": "Intergenerational", "slug": "intergenerational", "content_type": 54, "live": true, "has_unpublished_changes": false, "url_path": "/welcome/facets/audience/intergenerational/", "owner": 1, "seo_title": "", "show_in_menus": false, "search_description": "", "go_live_at": null, "expire_at": null, "expired": false, "locked": false, "first_published_at": "2019-06-08T20:37:40.627Z", "last_published_at": "2019-06-08T20:37:40.627Z", "latest_revision_created_at": "2019-06-08T20:37:40.558Z", "live_revision": 19}}, {"model": "wagtailcore.page", "pk": 20, "fields": {"path": "0001000100020001", "depth": 4, "numchild": 0, "title": "Test item", "draft_title": "Test item", "slug": "test-item", "content_type": 21, "live": true, "has_unpublished_changes": false, "url_path": "/welcome/library/test-item/", "owner": 1, "seo_title": "", "show_in_menus": false, "search_description": "", "go_live_at": null, "expire_at": null, "expired": false, "locked": false, "first_published_at": "2019-06-08T20:38:26.831Z", "last_published_at": "2019-06-08T20:38:26.831Z", "latest_revision_created_at": "2019-06-08T20:38:26.772Z", "live_revision": 20}}, {"model": "wagtailcore.page", "pk": 21, "fields": {"path": "000100010004", "depth": 3, "numchild": 1, "title": "Events", "draft_title": "Events", "slug": "events", "content_type": 17, "live": true, "has_unpublished_changes": false, "url_path": "/welcome/events/", "owner": 1, "seo_title": "", "show_in_menus": false, "search_description": "", "go_live_at": null, "expire_at": null, "expired": false, "locked": false, "first_published_at": "2019-06-08T21:21:19.344Z", "last_published_at": "2019-06-08T21:21:19.344Z", "latest_revision_created_at": "2019-06-08T21:21:19.308Z", "live_revision": 21}}, {"model": "wagtailcore.page", "pk": 22, "fields": {"path": "000100010005", "depth": 3, "numchild": 1, "title": "Departments", "draft_title": "Departments", "slug": "departments", "content_type": 26, "live": true, "has_unpublished_changes": false, "url_path": "/welcome/departments/", "owner": 1, "seo_title": "", "show_in_menus": false, "search_description": "", "go_live_at": null, "expire_at": null, "expired": false, "locked": false, "first_published_at": "2019-06-08T21:21:40.077Z", "last_published_at": "2019-06-08T21:21:40.077Z", "latest_revision_created_at": "2019-06-08T21:21:40.043Z", "live_revision": 22}}, {"model": "wagtailcore.page", "pk": 23, "fields": {"path": "000100010006", "depth": 3, "numchild": 1, "title": "Magazine", "draft_title": "Magazine", "slug": "magazine", "content_type": 27, "live": true, "has_unpublished_changes": false, "url_path": "/welcome/magazine/", "owner": 1, "seo_title": "", "show_in_menus": false, "search_description": "", "go_live_at": null, "expire_at": null, "expired": false, "locked": false, "first_published_at": "2019-06-08T21:21:53.597Z", "last_published_at": "2019-06-08T21:21:53.597Z", "latest_revision_created_at": "2019-06-08T21:21:53.524Z", "live_revision": 23}}, {"model": "wagtailcore.page", "pk": 24, "fields": {"path": "000100010007", "depth": 3, "numchild": 0, "title": "Tags", "draft_title": "Tags", "slug": "tags", "content_type": 30, "live": true, "has_unpublished_changes": false, "url_path": "/welcome/tags/", "owner": 1, "seo_title": "", "show_in_menus": false, "search_description": "", "go_live_at": null, "expire_at": null, "expired": false, "locked": false, "first_published_at": "2019-06-08T21:22:00.469Z", "last_published_at": "2019-06-08T21:22:00.469Z", "latest_revision_created_at": "2019-06-08T21:22:00.402Z", "live_revision": 24}}, {"model": "wagtailcore.page", "pk": 25, "fields": {"path": "00010001000100010002", "depth": 5, "numchild": 0, "title": "Mary Klein", "draft_title": "Mary Klein", "slug": "mary-klein", "content_type": 12, "live": true, "has_unpublished_changes": false, "url_path": "/welcome/community/people/mary-klein/", "owner": 1, "seo_title": "", "show_in_menus": false, "search_description": "", "go_live_at": null, "expire_at": null, "expired": false, "locked": false, "first_published_at": "2019-06-08T21:22:11.819Z", "last_published_at": "2019-06-08T21:22:11.819Z", "latest_revision_created_at": "2019-06-08T21:22:11.758Z", "live_revision": 25}}, {"model": "wagtailcore.page", "pk": 26, "fields": {"path": "0001000100010002", "depth": 4, "numchild": 1, "title": "Quaker Directories", "draft_title": "Quaker Directories", "slug": "community", "content_type": 9, "live": true, "has_unpublished_changes": false, "url_path": "/welcome/community/community/", "owner": 1, "seo_title": "", "show_in_menus": false, "search_description": "", "go_live_at": null, "expire_at": null, "expired": false, "locked": false, "first_published_at": "2019-06-08T21:22:36.932Z", "last_published_at": "2019-06-08T21:34:38.926Z", "latest_revision_created_at": "2019-06-08T21:34:38.883Z", "live_revision": 40}}, {"model": "wagtailcore.page", "pk": 27, "fields": {"path": "0001000100010003", "depth": 4, "numchild": 3, "title": "Meetings", "draft_title": "Meetings", "slug": "meetings", "content_type": 14, "live": true, "has_unpublished_changes": false, "url_path": "/welcome/community/meetings/", "owner": 1, "seo_title": "", "show_in_menus": false, "search_description": "", "go_live_at": null, "expire_at": null, "expired": false, "locked": false, "first_published_at": "2019-06-08T21:22:47.917Z", "last_published_at": "2019-06-08T21:22:47.917Z", "latest_revision_created_at": "2019-06-08T21:22:47.846Z", "live_revision": 27}}, {"model": "wagtailcore.page", "pk": 28, "fields": {"path": "0001000100010004", "depth": 4, "numchild": 2, "title": "Online Worship", "draft_title": "Online Worship", "slug": "online-worship", "content_type": 7, "live": true, "has_unpublished_changes": false, "url_path": "/welcome/community/online-worship/", "owner": 1, "seo_title": "", "show_in_menus": false, "search_description": "", "go_live_at": null, "expire_at": null, "expired": false, "locked": false, "first_published_at": "2019-06-08T21:22:58.578Z", "last_published_at": "2019-06-08T21:22:58.578Z", "latest_revision_created_at": "2019-06-08T21:22:58.497Z", "live_revision": 28}}, {"model": "wagtailcore.page", "pk": 29, "fields": {"path": "0001000100010005", "depth": 4, "numchild": 3, "title": "Organizations", "draft_title": "Organizations", "slug": "organizations", "content_type": 13, "live": true, "has_unpublished_changes": false, "url_path": "/welcome/community/organizations/", "owner": 1, "seo_title": "", "show_in_menus": false, "search_description": "", "go_live_at": null, "expire_at": null, "expired": false, "locked": false, "first_published_at": "2019-06-08T21:23:15.093Z", "last_published_at": "2019-06-08T21:39:10.095Z", "latest_revision_created_at": "2019-06-08T21:39:10.030Z", "live_revision": 45}}, {"model": "wagtailcore.page", "pk": 30, "fields": {"path": "00010001000100050001", "depth": 5, "numchild": 0, "title": "Afghan Refugee Girls' Primary Schools", "draft_title": "Afghan Refugee Girls' Primary Schools", "slug": "afghan-refugee-girls-primary-schools", "content_type": 11, "live": true, "has_unpublished_changes": false, "url_path": "/welcome/community/organizations/afghan-refugee-girls-primary-schools/", "owner": 1, "seo_title": "", "show_in_menus": false, "search_description": "", "go_live_at": null, "expire_at": null, "expired": false, "locked": false, "first_published_at": "2019-06-08T21:27:11.136Z", "last_published_at": "2019-06-08T21:27:11.136Z", "latest_revision_created_at": "2019-06-08T21:27:11.077Z", "live_revision": 30}}, {"model": "wagtailcore.page", "pk": 31, "fields": {"path": "00010001000100050002", "depth": 5, "numchild": 0, "title": "AFSC Portland, OR", "draft_title": "AFSC Portland, OR", "slug": "afsc-portland-or", "content_type": 11, "live": true, "has_unpublished_changes": false, "url_path": "/welcome/community/organizations/afsc-portland-or/", "owner": 1, "seo_title": "", "show_in_menus": false, "search_description": "", "go_live_at": null, "expire_at": null, "expired": false, "locked": false, "first_published_at": "2019-06-08T21:27:30.625Z", "last_published_at": "2019-06-08T21:27:30.625Z", "latest_revision_created_at": "2019-06-08T21:27:30.582Z", "live_revision": 31}}, {"model": "wagtailcore.page", "pk": 32, "fields": {"path": "00010001000100050003", "depth": 5, "numchild": 0, "title": "Ben Lomond Quaker Center", "draft_title": "Ben Lomond Quaker Center", "slug": "ben-lomond-quaker-center", "content_type": 11, "live": true, "has_unpublished_changes": false, "url_path": "/welcome/community/organizations/ben-lomond-quaker-center/", "owner": 1, "seo_title": "", "show_in_menus": false, "search_description": "", "go_live_at": null, "expire_at": null, "expired": false, "locked": false, "first_published_at": "2019-06-08T21:27:45.525Z", "last_published_at": "2019-06-08T21:27:45.525Z", "latest_revision_created_at": "2019-06-08T21:27:45.455Z", "live_revision": 32}}, {"model": "wagtailcore.page", "pk": 33, "fields": {"path": "00010001000100030001", "depth": 5, "numchild": 0, "title": "Intermountain Yearly Meeting", "draft_title": "Intermountain Yearly Meeting", "slug": "intermountain-yearly-meeting", "content_type": 10, "live": true, "has_unpublished_changes": false, "url_path": "/welcome/community/meetings/intermountain-yearly-meeting/", "owner": 1, "seo_title": "", "show_in_menus": false, "search_description": "", "go_live_at": null, "expire_at": null, "expired": false, "locked": false, "first_published_at": "2019-06-08T21:28:37.457Z", "last_published_at": "2019-06-08T21:30:48.748Z", "latest_revision_created_at": "2019-06-08T21:30:48.717Z", "live_revision": 36}}, {"model": "wagtailcore.page", "pk": 34, "fields": {"path": "00010001000100030002", "depth": 5, "numchild": 0, "title": "North Pacific Yearly Meeting", "draft_title": "North Pacific Yearly Meeting", "slug": "north-pacific-yearly-meeting", "content_type": 10, "live": true, "has_unpublished_changes": false, "url_path": "/welcome/community/meetings/north-pacific-yearly-meeting/", "owner": 1, "seo_title": "", "show_in_menus": false, "search_description": "", "go_live_at": null, "expire_at": null, "expired": false, "locked": false, "first_published_at": "2019-06-08T21:29:22.623Z", "last_published_at": "2019-06-08T21:29:22.623Z", "latest_revision_created_at": "2019-06-08T21:29:22.573Z", "live_revision": 34}}, {"model": "wagtailcore.page", "pk": 35, "fields": {"path": "00010001000100030003", "depth": 5, "numchild": 0, "title": "Pacific Yearly Meeting", "draft_title": "Pacific Yearly Meeting", "slug": "pacific-yearly-meeting", "content_type": 10, "live": true, "has_unpublished_changes": false, "url_path": "/welcome/community/meetings/pacific-yearly-meeting/", "owner": 1, "seo_title": "", "show_in_menus": false, "search_description": "", "go_live_at": null, "expire_at": null, "expired": false, "locked": false, "first_published_at": "2019-06-08T21:29:53.982Z", "last_published_at": "2019-06-08T21:29:53.982Z", "latest_revision_created_at": "2019-06-08T21:29:53.944Z", "live_revision": 35}}, {"model": "wagtailcore.page", "pk": 36, "fields": {"path": "00010001000100020001", "depth": 5, "numchild": 0, "title": "FGC Quaker Finder", "draft_title": "FGC Quaker Finder", "slug": "fgc-quaker-finder", "content_type": 8, "live": true, "has_unpublished_changes": false, "url_path": "/welcome/community/community/fgc-quaker-finder/", "owner": 1, "seo_title": "", "show_in_menus": false, "search_description": "", "go_live_at": null, "expire_at": null, "expired": false, "locked": false, "first_published_at": "2019-06-08T21:36:57.698Z", "last_published_at": "2019-06-08T21:36:57.698Z", "latest_revision_created_at": "2019-06-08T21:36:57.633Z", "live_revision": 42}}, {"model": "wagtailcore.page", "pk": 37, "fields": {"path": "00010001000100040001", "depth": 5, "numchild": 0, "title": "Western Friend  (You are here!)", "draft_title": "Western Friend  (You are here!)", "slug": "western-friend-you-are-here", "content_type": 6, "live": true, "has_unpublished_changes": false, "url_path": "/welcome/community/online-worship/western-friend-you-are-here/", "owner": 1, "seo_title": "", "show_in_menus": false, "search_description": "", "go_live_at": null, "expire_at": null, "expired": false, "locked": false, "first_published_at": "2019-06-08T21:37:44.697Z", "last_published_at": "2019-06-08T21:37:44.697Z", "latest_revision_created_at": "2019-06-08T21:37:44.617Z", "live_revision": 43}}, {"model": "wagtailcore.page", "pk": 38, "fields": {"path": "00010001000100040002", "depth": 5, "numchild": 0, "title": "Ben Lomond Quaker Center", "draft_title": "Ben Lomond Quaker Center", "slug": "ben-lomond-quaker-center", "content_type": 6, "live": true, "has_unpublished_changes": false, "url_path": "/welcome/community/online-worship/ben-lomond-quaker-center/", "owner": 1, "seo_title": "", "show_in_menus": false, "search_description": "", "go_live_at": null, "expire_at": null, "expired": false, "locked": false, "first_published_at": "2019-06-08T21:38:11.812Z", "last_published_at": "2019-06-08T21:38:11.812Z", "latest_revision_created_at": "2019-06-08T21:38:11.737Z", "live_revision": 44}}, {"model": "wagtailcore.page", "pk": 39, "fields": {"path": "0001000100060001", "depth": 4, "numchild": 1, "title": "On Puzzles", "draft_title": "On Puzzles", "slug": "puzzles", "content_type": 28, "live": true, "has_unpublished_changes": false, "url_path": "/welcome/magazine/puzzles/", "owner": 1, "seo_title": "", "show_in_menus": false, "search_description": "", "go_live_at": null, "expire_at": null, "expired": false, "locked": false, "first_published_at": "2019-06-08T21:41:07.705Z", "last_published_at": "2019-06-08T21:41:07.705Z", "latest_revision_created_at": "2019-06-08T21:41:07.674Z", "live_revision": 46}}, {"model": "wagtailcore.page", "pk": 40, "fields": {"path": "0001000100050001", "depth": 4, "numchild": 0, "title": "Editorials", "draft_title": "Editorials", "slug": "editorials", "content_type": 25, "live": true, "has_unpublished_changes": false, "url_path": "/welcome/departments/editorials/", "owner": 1, "seo_title": "", "show_in_menus": false, "search_description": "", "go_live_at": null, "expire_at": null, "expired": false, "locked": false, "first_published_at": "2019-06-08T21:42:03.680Z", "last_published_at": "2019-06-08T21:42:03.680Z", "latest_revision_created_at": "2019-06-08T21:42:03.621Z", "live_revision": 47}}, {"model": "wagtailcore.page", "pk": 41, "fields": {"path": "00010001000600010001", "depth": 5, "numchild": 0, "title": "On Puzzles", "draft_title": "On Puzzles", "slug": "puzzles", "content_type": 23, "live": true, "has_unpublished_changes": false, "url_path": "/welcome/magazine/puzzles/puzzles/", "owner": 1, "seo_title": "", "show_in_menus": false, "search_description": "", "go_live_at": null, "expire_at": null, "expired": false, "locked": false, "first_published_at": "2019-06-08T21:42:20.019Z", "last_published_at": "2019-06-08T21:47:11.251Z", "latest_revision_created_at": "2019-06-08T21:47:11.197Z", "live_revision": 49}}, {"model": "wagtailcore.page", "pk": 42, "fields": {"path": "0001000100040001", "depth": 4, "numchild": 0, "title": "BLQC: Abundance and Justice in our Common Home", "draft_title": "BLQC: Abundance and Justice in our Common Home", "slug": "blqc-abundance-and-justice-our-common-home", "content_type": 16, "live": true, "has_unpublished_changes": false, "url_path": "/welcome/events/blqc-abundance-and-justice-our-common-home/", "owner": 1, "seo_title": "", "show_in_menus": false, "search_description": "", "go_live_at": null, "expire_at": null, "expired": false, "locked": false, "first_published_at": "2019-06-08T21:50:01.001Z", "last_published_at": "2019-06-08T21:50:01.001Z", "latest_revision_created_at": "2019-06-08T21:50:00.943Z", "live_revision": 50}}, {"model": "wagtailimages.image", "pk": 1, "fields": {"collection": 1, "title": "Cover-80_MayJune2019_small.jpg", "file": "original_images/Cover-80_MayJune2019_small.jpg", "width": 366, "height": 480, "created_at": "2019-06-08T21:41:05.369Z", "uploaded_by_user": 1, "focal_point_x": null, "focal_point_y": null, "focal_point_width": null, "focal_point_height": null, "file_size": 40153, "file_hash": "46fa4d1be0bbb979350d24144504d6278df447ec"}}, {"model": "magazine.magazinearticle", "pk": 41, "fields": {"body": "<p>Organelles, cells, organs, organisms, families, cultures, planets \u2013 these bodies nest within each other in irregular concentricity, one within the next, each encased by its own semi-permeable boundary. In the jigsaw puzzle of incarnation, all the pieces slip and slide, expand and contract, ignite and extinguish, push, pull, infiltrate, and emerge. There, but for the grace of God, go I. Wondrous beings abound all around, in places where I am not.</p>", "department": 40}}, {"model": "magazine.magazinedepartment", "pk": 40, "fields": {}}, {"model": "magazine.magazinedepartmentindexpage", "pk": 22, "fields": {"intro": "<p>Introduction text.</p>"}}, {"model": "magazine.magazinetagindexpage", "pk": 24, "fields": {}}, {"model": "magazine.magazineissue", "pk": 39, "fields": {"cover_image": 1, "publication_date": "2019-05-01"}}, {"model": "magazine.magazineindexpage", "pk": 23, "fields": {"intro": "<p>Introduction text.</p>"}}, {"model": "library.libraryindexpage", "pk": 7, "fields": {"intro": "<p>Intro text.</p>"}}, {"model": "library.libraryitem", "pk": 20, "fields": {"publication_date": "2019-06-01", "body": "[{\"type\": \"paragraph\", \"value\": \"<p>Body text</p>\", \"id\": \"1e5a752a-767f-4be1-8bf7-949bb47093cc\"}]", "item_audience": 19, "item_genre": 16, "item_medium": 18, "item_time_period": 17}}, {"model": "home.homepage", "pk": 3, "fields": {"intro": ""}}, {"model": "facets.topic", "pk": 14, "fields": {}}, {"model": "facets.topic", "pk": 15, "fields": {}}, {"model": "facets.topicindexpage", "pk": 13, "fields": {}}, {"model": "facets.timeperiod", "pk": 17, "fields": {}}, {"model": "facets.timeperiodindexpage", "pk": 12, "fields": {}}, {"model": "facets.medium", "pk": 18, "fields": {}}, {"model": "facets.mediumindexpage", "pk": 11, "fields": {}}, {"model": "facets.genre", "pk": 16, "fields": {}}, {"model": "facets.genreindexpage", "pk": 10, "fields": {}}, {"model": "facets.audience", "pk": 19, "fields": {}}, {"model": "facets.audienceindexpage", "pk": 9, "fields": {}}, {"model": "facets.facetindexpage", "pk": 8, "fields": {}}, {"model": "events.eventsindexpage", "pk": 21, "fields": {"intro": "<p>Introduction text.</p>"}}, {"model": "events.event", "pk": 42, "fields": {"description": "<p>With Shelley Tanenbaum and Sara Wolcott: Summoning gardeners and prison justice reformers, mystics and peace advocates for a time of deep listening stemming from our interconnections. Through history, story-telling, and worship-sharing, we seek an ecology of hope, ways of integration and action.</p><p>Location: Ben Lomond Quaker Center, Ben Lomond, CA</p><p>For more information, see: <a href=\"http://www.quakercenter.org/programs/\">www.quakercenter.org/programs</a></p>", "date": "2019-05-31T16:00:00Z", "website": "http://www.quakercenter.org/programs/"}}, {"model": "contact.organizationindexpage", "pk": 29, "fields": {"body": "[{\"type\": \"paragraph\", \"value\": \"<p>Introduction text.</p>\", \"id\": \"53f088c1-b87d-4342-ba8c-8e52cb5fc052\"}, {\"type\": \"organizations\", \"value\": {}, \"id\": \"36fe548f-ebe0-4b59-a305-4ffc75da7f1b\"}]"}}, {"model": "contact.organization", "pk": 30, "fields": {"description": null, "website": "http://www.afghangirlsschool.org/"}}, {"model": "contact.organization", "pk": 31, "fields": {"description": null, "website": "https://www.afsc.org/office/portland-or"}}, {"model": "contact.organization", "pk": 32, "fields": {"description": null, "website": "http://www.quakercenter.org/"}}, {"model": "contact.meetingindexpage", "pk": 27, "fields": {}}, {"model": "contact.meeting", "pk": 33, "fields": {"meeting_type": "yearly_meeting", "description": "Intermountain Yearly Meeting consists of Arizona Half Yearly Meeting, Colorado Regional Meeting, and New Mexico Regional Meeting.", "website": "http://imym.org/"}}, {"model": "contact.meeting", "pk": 34, "fields": {"meeting_type": "yearly_meeting", "description": "North Pacific Yearly Meeting consists of Montana Gathering of Friends, Pacific Northwest Quarterly Meeting, and Willamette Quarterly Meeting.", "website": "http://npym.org/"}}, {"model": "contact.meeting", "pk": 35, "fields": {"meeting_type": "yearly_meeting", "description": "Pacific Yearly Meeting consists of College Park Quarterly Meeting and Southern California Quarterly Meeting, as well as monthly meetings in Hawaii and Mexico.", "website": "http://pacificyearlymeeting.org/"}}, {"model": "contact.personindexpage", "pk": 5, "fields": {}}, {"model": "contact.person", "pk": 6, "fields": {"given_name": "Brylie", "family_name": "Oxley"}}, {"model": "contact.person", "pk": 25, "fields": {"given_name": "Mary", "family_name": "Klein"}}, {"model": "community.communitydirectoryindexpage", "pk": 26, "fields": {"intro": "<p>Introduction text.</p>"}}, {"model": "community.communitydirectory", "pk": 36, "fields": {"description": "<p>Map and contact information about Quakers affiliated with Friends General Conference</p>", "website": "https://www.fgcquaker.org/connect/quaker-finder"}}, {"model": "community.onlineworshipindexpage", "pk": 28, "fields": {"intro": "<p>Introduction text.</p>"}}, {"model": "community.onlineworship", "pk": 37, "fields": {"description": "<p>Weekly online lunch-hour worship hosted by <i>Western Friend.</i> Sign in as a &quot;guest,&quot; using your own name. Arrive when you can; depart when you must.</p>", "times_of_worship": "<p>Thursdays from 11:30 AM - 12:30 PM Pacific Time</p>", "website": "https://zoom.us/j/101620422"}}, {"model": "community.onlineworship", "pk": 38, "fields": {"description": "<p>Daily online worship hosted by a Northern California Quaker center which also hosts residential retreats and conferences.</p>", "times_of_worship": "<p>Daily at 7:30-8:00 AM Pacific Time</p>", "website": "http://www.quakercenter.org/meeting-for-worship/"}}, {"model": "community.communitypage", "pk": 4, "fields": {"body": "[{\"type\": \"heading\", \"value\": \"Community Directory\", \"id\": \"bd49d67d-7e87-4824-9d4e-a59ab92e74b4\"}, {\"type\": \"card_row\", \"value\": [{\"page\": 33, \"text\": \"Listing of Quaker communities in AZ, CO, ID, NM, TX, UT, & WY\"}, {\"page\": 34, \"text\": \"Listing of Quaker communities in ID, MT, OR, & WA\"}, {\"page\": 35, \"text\": \"Listing of Quaker communities in CA, HI, NV, and Mexico City.\"}], \"id\": \"4e3d6fac-cd55-4e41-ba7a-a6f04b1a3a70\"}, {\"type\": \"card_row\", \"value\": [{\"page\": 29, \"text\": \"A listing of Quaker nonprofit organizations that serve the Western US.\"}, {\"page\": 28, \"text\": \"Sites online for Quaker worship, fellowship, and education.\"}, {\"page\": 26, \"text\": \"Sites online to locate Quaker meetings throughout the world.\"}], \"id\": \"e931a87c-cd45-41fe-9259-67369addd52b\"}]"}}]